,,,,,,,,,,,,,,,,,,,
 ,TABLE III - 2,,,,,,,,,,,,,,,,,,
,EXISTING  GENERATING  FACILITIES,,,,,,,,,,,,,,,,,,
LINE,"Owner,",,,,Location,,,,Name,2019,,2019,,D,,Fuel (U),,2018,
REF.,"Operator,",,,,,,,In-Service,Plate,CRIS (A),,Capability (B),,U,,,, Net (C),
NO.,and / or,,,,,,,Date,Rating (V),MW,,MW,,A,Unit,Type,Type,Energy,Notes
,Billing Organization,   Station        Unit,Zone,PTID,       Town,Cnty,St,YYYY-MM-DD,MW,SUM,WIN,SUM,WIN,L,Type,1,2,GWh,
a,b,c,d,e,f,g,h,i,j,k,l,m,n,o,p,q,r,s,t
R1001,"Astoria Energy II, LLC",Astoria Energy 2 - CC3,J,323677,Queens,081,36,2011-07-01,330.0,288.0,376.3,286.5,331.8,YES,CC,NG,FO2,"2,750.3", (G)
R1002,"Astoria Energy II, LLC",Astoria Energy 2 - CC4,J,323678,Queens,081,36,2011-07-01,330.0,288.0,376.3,286.5,331.8,YES,CC,NG,FO2,,
R1003,"Astoria Energy, LLC",Astoria East Energy - CC1,J,323581,Queens,081,36,2006-04-01,320.0,292.6,355.3,290.1,332.5,YES,CC,NG,FO2,"3,584.2", (G)
R1004,"Astoria Energy, LLC",Astoria East Energy - CC2,J,323582,Queens,081,36,2006-04-01,320.0,292.6,355.3,290.1,332.5,YES,CC,NG,FO2,,
R1005,Astoria Generating Company L.P.,Astoria 2,J,24149,Queens,081,36,1954-03-01,180.0,177.0,177.0,172.4,170.5,,ST,NG,,12.6,
R1006,Astoria Generating Company L.P.,Astoria 3,J,23516,Queens,081,36,1958-09-01,376.0,369.9,369.9,370.2,373.2,YES,ST,FO6,NG,307.3,
R1007,Astoria Generating Company L.P.,Astoria 5,J,23518,Queens,081,36,1962-05-01,387.0,376.3,376.3,376.9,384.2,YES,ST,FO6,NG,757.8,
R1008,Astoria Generating Company L.P.,Astoria GT 01,J,23523,Queens,081,36,1967-07-01,16.0,15.7,20.5,14.2,18.9,,GT,NG,,1.0,
R1009,Astoria Generating Company L.P.,Gowanus 1-1,J,24077,Brooklyn,047,36,1971-06-01,20.0,19.1,24.9,18.8,24.4,,GT,FO2,,0.3,
R1010,Astoria Generating Company L.P.,Gowanus 1-2,J,24078,Brooklyn,047,36,1971-06-01,20.0,17.1,22.3,19.4,24.9,,GT,FO2,,0.2,
R1011,Astoria Generating Company L.P.,Gowanus 1-3,J,24079,Brooklyn,047,36,1971-06-01,20.0,17.2,22.5,17.7,22.9,,GT,FO2,,0.2,
R1012,Astoria Generating Company L.P.,Gowanus 1-4,J,24080,Brooklyn,047,36,1971-06-01,20.0,17.1,22.3,16.7,21.3,,GT,FO2,,0.1,
R1013,Astoria Generating Company L.P.,Gowanus 1-5,J,24084,Brooklyn,047,36,1971-06-01,20.0,16.5,21.6,17.2,22.3,,GT,FO2,,0.1,
R1014,Astoria Generating Company L.P.,Gowanus 1-6,J,24111,Brooklyn,047,36,1971-06-01,20.0,18.0,23.5,16.6,21.4,,GT,FO2,,0.1,
R1015,Astoria Generating Company L.P.,Gowanus 1-7,J,24112,Brooklyn,047,36,1971-06-01,20.0,17.6,23.0,17.6,22.4,,GT,FO2,,0.1,
R1016,Astoria Generating Company L.P.,Gowanus 1-8,J,24113,Brooklyn,047,36,1971-06-01,20.0,16.1,21.0,15.9,20.9,,GT,FO2,,0.0,
R1017,Astoria Generating Company L.P.,Gowanus 2-1,J,24114,Brooklyn,047,36,1971-06-01,20.0,17.9,23.4,17.0,22.5,YES,GT,FO2,NG,1.9,
R1018,Astoria Generating Company L.P.,Gowanus 2-2,J,24115,Brooklyn,047,36,1971-06-01,20.0,18.8,24.6,18.3,24.1,YES,GT,FO2,NG,1.8,
R1019,Astoria Generating Company L.P.,Gowanus 2-3,J,24116,Brooklyn,047,36,1971-06-01,20.0,20.6,26.9,19.1,24.9,YES,GT,FO2,NG,1.9,
R1020,Astoria Generating Company L.P.,Gowanus 2-4,J,24117,Brooklyn,047,36,1971-06-01,20.0,19.3,25.2,17.3,23.1,YES,GT,FO2,NG,0.8,
R1021,Astoria Generating Company L.P.,Gowanus 2-5,J,24118,Brooklyn,047,36,1971-06-01,20.0,18.6,24.3,18.0,23.4,YES,GT,FO2,NG,0.6,
R1022,Astoria Generating Company L.P.,Gowanus 2-6,J,24119,Brooklyn,047,36,1971-06-01,20.0,20.3,26.5,19.5,24.9,YES,GT,FO2,NG,1.0,
R1023,Astoria Generating Company L.P.,Gowanus 2-7,J,24120,Brooklyn,047,36,1971-06-01,20.0,19.6,25.6,19.1,24.7,YES,GT,FO2,NG,1.0,
R1024,Astoria Generating Company L.P.,Gowanus 2-8,J,24121,Brooklyn,047,36,1971-06-01,20.0,17.7,23.1,17.7,22.9,YES,GT,FO2,NG,0.4,
R1025,Astoria Generating Company L.P.,Gowanus 3-1,J,24122,Brooklyn,047,36,1971-07-01,20.0,17.7,23.1,16.9,21.9,YES,GT,FO2,NG,0.9,
R1026,Astoria Generating Company L.P.,Gowanus 3-2,J,24123,Brooklyn,047,36,1971-07-01,20.0,17.7,23.1,17.1,22.6,YES,GT,FO2,NG,0.7,
R1027,Astoria Generating Company L.P.,Gowanus 3-3,J,24124,Brooklyn,047,36,1971-07-01,20.0,19.8,25.9,18.0,23.8,YES,GT,FO2,NG,1.0,
R1028,Astoria Generating Company L.P.,Gowanus 3-4,J,24125,Brooklyn,047,36,1971-07-01,20.0,17.9,23.4,16.2,21.4,YES,GT,FO2,NG,1.0,
R1029,Astoria Generating Company L.P.,Gowanus 3-5,J,24126,Brooklyn,047,36,1971-07-01,20.0,19.0,24.8,17.3,22.8,YES,GT,FO2,NG,1.4,
R1030,Astoria Generating Company L.P.,Gowanus 3-6,J,24127,Brooklyn,047,36,1971-07-01,20.0,17.6,23.0,15.5,21.0,YES,GT,FO2,NG,0.7,
R1031,Astoria Generating Company L.P.,Gowanus 3-7,J,24128,Brooklyn,047,36,1971-07-01,20.0,18.1,23.6,18.1,23.9,YES,GT,FO2,NG,0.5,
R1032,Astoria Generating Company L.P.,Gowanus 3-8,J,24129,Brooklyn,047,36,1971-07-01,20.0,19.0,24.8,16.9,23.9,YES,GT,FO2,NG,0.5,
R1033,Astoria Generating Company L.P.,Gowanus 4-1,J,24130,Brooklyn,047,36,1971-07-01,20.0,16.8,21.9,18.9,24.4,,GT,FO2,,0.2,
R1034,Astoria Generating Company L.P.,Gowanus 4-2,J,24131,Brooklyn,047,36,1971-07-01,20.0,17.3,22.6,17.6,22.5,,GT,FO2,,0.2,
R1035,Astoria Generating Company L.P.,Gowanus 4-3,J,24132,Brooklyn,047,36,1971-07-01,20.0,17.6,23.0,16.6,20.4,,GT,FO2,,0.1,
R1036,Astoria Generating Company L.P.,Gowanus 4-4,J,24133,Brooklyn,047,36,1971-07-01,20.0,17.1,22.3,16.5,22.3,,GT,FO2,,0.1,
R1037,Astoria Generating Company L.P.,Gowanus 4-5,J,24134,Brooklyn,047,36,1971-07-01,20.0,17.1,22.3,16.4,22.1,,GT,FO2,,0.1,
R1038,Astoria Generating Company L.P.,Gowanus 4-6,J,24135,Brooklyn,047,36,1971-07-01,20.0,18.6,24.3,18.1,23.0,,GT,FO2,,0.1,
R1039,Astoria Generating Company L.P.,Gowanus 4-7,J,24136,Brooklyn,047,36,1971-07-01,20.0,16.6,21.7,17.2,21.7,,GT,FO2,,0.0,
R1040,Astoria Generating Company L.P.,Gowanus 4-8,J,24137,Brooklyn,047,36,1971-07-01,20.0,19.0,24.8,17.4,21.9,,GT,FO2,,0.2,
R1041,Astoria Generating Company L.P.,Narrows 1-1,J,24228,Brooklyn,047,36,1972-05-01,22.0,21.0,27.4,19.3,24.9,YES,GT,FO2,NG,6.4,
R1042,Astoria Generating Company L.P.,Narrows 1-2,J,24229,Brooklyn,047,36,1972-05-01,22.0,19.5,25.5,17.1,23.8,YES,GT,FO2,NG,3.6,
R1043,Astoria Generating Company L.P.,Narrows 1-3,J,24230,Brooklyn,047,36,1972-05-01,22.0,20.4,26.6,18.3,24.9,YES,GT,FO2,NG,4.0,
R1044,Astoria Generating Company L.P.,Narrows 1-4,J,24231,Brooklyn,047,36,1972-05-01,22.0,20.1,26.3,18.8,24.9,YES,GT,FO2,NG,2.7,
R1045,Astoria Generating Company L.P.,Narrows 1-5,J,24232,Brooklyn,047,36,1972-05-01,22.0,19.8,25.9,19.9,24.9,YES,GT,FO2,NG,3.0,
R1046,Astoria Generating Company L.P.,Narrows 1-6,J,24233,Brooklyn,047,36,1972-05-01,22.0,18.9,24.7,16.5,22.2,YES,GT,FO2,NG,3.0,
R1047,Astoria Generating Company L.P.,Narrows 1-7,J,24234,Brooklyn,047,36,1972-05-01,22.0,18.4,24.0,19.4,24.9,YES,GT,FO2,NG,6.1,
R1048,Astoria Generating Company L.P.,Narrows 1-8,J,24235,Brooklyn,047,36,1972-05-01,22.0,19.9,26.0,17.5,23.2,YES,GT,FO2,NG,4.6,
R1049,Astoria Generating Company L.P.,Narrows 2-1,J,24236,Brooklyn,047,36,1972-06-01,22.0,19.4,25.3,19.2,24.8,YES,GT,FO2,NG,3.4,
R1050,Astoria Generating Company L.P.,Narrows 2-2,J,24237,Brooklyn,047,36,1972-06-01,22.0,18.7,24.4,16.4,22.9,YES,GT,FO2,NG,3.4,
R1051,Astoria Generating Company L.P.,Narrows 2-3,J,24238,Brooklyn,047,36,1972-06-01,22.0,18.4,24.0,17.5,23.8,YES,GT,FO2,NG,3.4,
R1052,Astoria Generating Company L.P.,Narrows 2-4,J,24239,Brooklyn,047,36,1972-06-01,22.0,18.4,24.0,17.9,24.2,YES,GT,FO2,NG,7.0,
R1053,Astoria Generating Company L.P.,Narrows 2-5,J,24240,Brooklyn,047,36,1972-06-01,22.0,19.9,26.0,18.1,24.4,YES,GT,FO2,NG,4.8,
R1054,Astoria Generating Company L.P.,Narrows 2-6,J,24241,Brooklyn,047,36,1972-06-01,22.0,18.1,23.6,16.3,21.9,YES,GT,FO2,NG,2.8,
R1055,Astoria Generating Company L.P.,Narrows 2-7,J,24242,Brooklyn,047,36,1972-06-01,22.0,20.7,27.0,18.5,24.9,YES,GT,FO2,NG,6.6,
R1056,Astoria Generating Company L.P.,Narrows 2-8,J,24243,Brooklyn,047,36,1972-06-01,22.0,17.5,22.9,16.3,21.9,YES,GT,FO2,NG,6.4,
R1057,"Bayonne Energy Center, LLC",Bayonne EC  CTG1,J,323682,Bayonne NJ,017,34,2012-06-01,64.0,64.0,66.5,57.5,62.9,YES,JE,NG,KER,78.1,
R1058,"Bayonne Energy Center, LLC",Bayonne EC  CTG2,J,323683,Bayonne NJ,017,34,2012-06-01,64.0,64.0,66.5,57.9,62.5,YES,JE,NG,KER,86.6,
R1059,"Bayonne Energy Center, LLC",Bayonne EC  CTG3,J,323684,Bayonne NJ,017,34,2012-06-01,64.0,64.0,66.5,59.3,62.3,YES,JE,NG,KER,72.4,
R1060,"Bayonne Energy Center, LLC",Bayonne EC  CTG4,J,323685,Bayonne NJ,017,34,2012-06-01,64.0,64.0,66.5,56.5,62.4,YES,JE,NG,KER,74.3,
R1061,"Bayonne Energy Center, LLC",Bayonne EC  CTG5,J,323686,Bayonne NJ,017,34,2012-06-01,64.0,64.0,66.5,56.5,62.4,YES,JE,NG,KER,79.8,
R1062,"Bayonne Energy Center, LLC",Bayonne EC  CTG6,J,323687,Bayonne NJ,017,34,2012-06-01,64.0,64.0,66.5,57.7,62.7,YES,JE,NG,KER,72.1,
R1063,"Bayonne Energy Center, LLC",Bayonne EC  CTG7,J,323688,Bayonne NJ,017,34,2012-06-01,64.0,64.0,66.5,59.7,63.1,YES,JE,NG,KER,89.9,
R1064,"Bayonne Energy Center, LLC",Bayonne EC  CTG8,J,323689,Bayonne NJ,017,34,2012-06-01,64.0,64.0,66.5,58.5,62.9,YES,JE,NG,KER,80.7,
R1065,"Bayonne Energy Center, LLC",Bayonne EC  CTG9,J,323749,Bayonne NJ,017,34,2018-06-01,64.0,60.2,64.7,61.3,65.6,YES,JE,NG,KER,65.7, (1) (N)
R1066,"Bayonne Energy Center, LLC",Bayonne EC  CTG10,J,323750,Bayonne NJ,017,34,2018-06-01,64.0,60.2,64.7,60.8,65.3,YES,JE,NG,KER,62.5, (2) (N)
R1067,"Binghamton BOP, LLC",Binghamton (RET - 1/9/18),C,23790,Binghamton,007,36,2001-03-01,47.7,43.8,57.2,0.0,0.0,YES,CC,NG,KER,3.5, (3) (R)
R1068,"Black River Hydroelectric, LLC",Glen Park Hydro,E,23778,Glen Park,045,36,1986-01-01,32.6,40.4,40.4,32.6,32.6,,HY,WAT,,147.9,
R1069,Boralex Hydro Operations Inc,Fourth Branch,F,23824,Waterford,091,36,1987-12-01,3.3,3.5,3.5,3.3,3.3,,HY,WAT,,15.9,
R1070,Boralex Hydro Operations Inc,NYS Dam ,F,23527,Waterford,091,36,1990-12-01,11.4,11.3,11.3,11.4,11.4,,HY,WAT,,54.8,
R1071,Boralex Hydro Operations Inc,Sissonville,E,23735,Potsdam,089,36,1990-08-01,3.1,3.0,3.0,3.1,3.1,,HY,WAT,,14.4,
R1072,Boralex Hydro Operations Inc,Warrensburg,F,23737,Warrensburg,113,36,1988-12-01,2.9,3.0,3.0,2.9,2.9,,HY,WAT,,10.7,
R1073,Calpine Energy Services LP,Bethpage,K,23823,Hicksville,059,36,1989-09-01,83.6,54.9,55.1,51.5,59.7,,CC,NG,,262.0,
R1074,Calpine Energy Services LP,Bethpage GT4,K,323586,Hicksville,059,36,2002-07-01,60.0,48.2,51.2,45.0,47.6,,GT,NG,,70.4,
R1075,Calpine Energy Services LP,KIAC_JFK_GT1,J,23816,Jamaica,081,36,1995-02-01,60.6,58.7,58.7,57.5,60.8,YES,CC,NG,FO2,603.1, (G)
R1076,Calpine Energy Services LP,KIAC_JFK_GT2,J,23817,Jamaica,081,36,1995-02-01,60.6,58.3,58.3,56.4,59.4,YES,CC,NG,FO2,,
R1077,Calpine Energy Services LP,Stony Brook   (BTM:NG),K,24151,Stony Brook,103,36,1995-04-01,47.0,9.6,9.6,0.0,0.0,YES,GT,NG,FO2,83.0, (4) (E)
R1078,"Canandaigua Power Partners, LLC",Canandaigua Wind Power,C,323617,Avoca,101,36,2008-12-05,125.0,125.0,125.0,125.0,125.0,,WT,WND,,245.5,
R1079,Canastota Windpower LLC,Fenner Wind Power,C,24204,Fenner,053,36,2001-12-01,30.0,0.0,0.0,0.0,0.0,,WT,WND,,54.5,
R1080,Carr Street Generating Station LP,Carr St.-E. Syr,C,24060,Dewitt,067,36,1993-08-01,122.6,89.0,116.8,93.2,106.1,YES,CC,NG,FO2,150.5,
R1081,"Castleton Power, LLC",Castleton Energy Center,F,23900,Castleton,083,36,1992-01-01,72.0,69.0,86.6,68.3,78.7,YES,CC,NG,FO2,131.2,
R1082,"Cayuga Operating Company, LLC",Cayuga 1,C,23584,Lansing,109,36,1955-09-01,155.3,154.1,154.1,151.0,151.0,,ST,BIT,,81.6,
R1083,"Cayuga Operating Company, LLC ",Cayuga 2  (IIFO - 7/1/18),C,23585,Lansing,109,36,1958-10-01,167.2,154.7,154.7,0.0,0.0,,ST,BIT,,17.4, (5) (I)
R1084,"Cayuga Operating Company, LLC ",Cayuga IC 1,C,23629,Lansing,109,36,1967-08-01,2.8,0.0,0.0,0.0,0.0,,IC,FO2,,0.0,
R1085,"Cayuga Operating Company, LLC ",Cayuga IC 2,C,23629,Lansing,109,36,1967-08-01,2.8,0.0,0.0,0.0,0.0,,IC,FO2,,0.0,
R1086,Central Hudson Gas & Elec. Corp.,Coxsackie GT,G,23611,Coxsackie,039,36,1969-12-01,21.6,19.9,26.0,19.5,23.7,YES,GT,KER,NG,0.6,
R1087,Central Hudson Gas & Elec. Corp.,Dashville 1,G,23610,Rifton,111,36,1920-01-01,2.4,2.7,2.7,0.0,0.0,,HY,WAT,,0.0,
R1088,Central Hudson Gas & Elec. Corp.,Dashville 2,G,23610,Rifton,111,36,1920-01-01,2.4,2.7,2.7,0.0,0.0,,HY,WAT,,0.0,
R1089,Central Hudson Gas & Elec. Corp.,DCRRA,G,23765,Poughkeepsie,027,36,1987-09-01,9.2,8.8,8.8,6.2,6.9,,ST,REF,,23.4,
R1090,Central Hudson Gas & Elec. Corp.,High Falls,G,23754,Marbletown,111,36,1986-12-01,3.2,3.0,3.0,0.0,0.0,,HY,WAT,,0.0,
R1091,Central Hudson Gas & Elec. Corp.,Millpond,G,5004,Catskill,039,36,1993-12-01,0.9,0.0,0.0,0.0,0.0,,HY,WAT,,0.0,
R1092,Central Hudson Gas & Elec. Corp.,Montgomery West,G,5005,Montgomery,071,36,1985-11-01,0.2,0.0,0.0,0.0,0.0,,HY,WAT,,0.0,
R1093,Central Hudson Gas & Elec. Corp.,Salisbury Mills,G,5006,Salisbury Mills,071,36,1986-12-01,0.5,0.0,0.0,0.0,0.0,,HY,WAT,,0.0,
R1094,Central Hudson Gas & Elec. Corp.,South Cairo,G,23612,Cairo,039,36,1970-06-01,21.6,19.8,25.9,18.6,23.4,,GT,KER,,0.3,
R1095,Central Hudson Gas & Elec. Corp.,Sturgeon 1,G,23609,Rifton,111,36,1924-01-01,4.8,5.0,5.0,0.0,0.0,,HY,WAT,,0.0,
R1096,Central Hudson Gas & Elec. Corp.,Sturgeon 2,G,23609,Rifton,111,36,1924-01-01,4.8,5.8,5.8,0.0,0.0,,HY,WAT,,0.0,
R1097,Central Hudson Gas & Elec. Corp.,Sturgeon 3,G,23609,Rifton,111,36,1924-01-01,4.8,5.0,5.0,0.0,0.0,,HY,WAT,,0.0,
R1098,Central Hudson Gas & Elec. Corp.,Wallkill,G,5007,Shwangunk,111,36,1986-12-01,0.5,0.0,0.0,0.0,0.0,,HY,WAT,,0.0,
R1099,Central Hudson Gas & Elec. Corp.,Wappingers Falls,G,23765,Wappingers Falls,027,36,1988-12-01,2.0,2.0,2.0,2.0,2.0,,HY,WAT,,11.2,
R1100,CHI Energy Inc,Goodyear Lake,E,323669,Milford,077,36,1980-07-01,1.4,1.4,1.4,0.0,0.0,,HY,WAT,,6.2,
R1101,"Consolidated Edison Co. of NY, Inc.",59 St.  GT 1,J,24138,Manhattan,061,36,1969-06-01,17.1,15.4,20.1,15.5,21.6,YES,GT,KER,NG,0.2,
R1102,"Consolidated Edison Co. of NY, Inc.",74 St.  GT 1,J,24260,Manhattan,061,36,1968-10-01,18.5,19.0,23.5,19.0,19.9,,GT,KER,,0.2,
R1103,"Consolidated Edison Co. of NY, Inc.",74 St.  GT 2,J,24261,Manhattan,061,36,1968-10-01,18.5,20.1,25.7,18.9,21.2,,GT,KER,,0.2,
R1104,"Consolidated Edison Co. of NY, Inc.",Brooklyn Navy Yard,J,23515,Brooklyn,047,36,1996-11-01,322.0,266.9,348.6,266.8,311.3,YES,CC,NG,FO2,"1,964.7",
R1105,"Consolidated Edison Co. of NY, Inc.",East River 1,J,323558,Manhattan,061,36,2005-04-01,185.0,160.5,199.0,154.7,200.3,YES,CC,NG,KER,"1,141.4",
R1106,"Consolidated Edison Co. of NY, Inc.",East River 2,J,323559,Manhattan,061,36,2005-04-05,185.0,162.4,201.4,153.1,197.3,YES,CC,NG,KER,"1,092.8",
R1107,"Consolidated Edison Co. of NY, Inc.",East River 6,J,23660,Manhattan,061,36,1951-11-01,156.2,144.3,144.3,145.3,147.1,YES,ST,NG,FO6,511.6,
R1108,"Consolidated Edison Co. of NY, Inc.",East River 7,J,23524,Manhattan,061,36,1955-06-01,200.0,186.7,186.7,182.5,188.4,YES,ST,NG,FO6,209.6,
R1109,"Consolidated Edison Co. of NY, Inc.",Hudson Ave 3,J,23810,Brooklyn,047,36,1970-07-01,16.3,16.0,20.9,16.7,19.5,,GT,KER,,0.2,
R1110,"Consolidated Edison Co. of NY, Inc.",Hudson Ave 4,J,23540,Brooklyn,047,36,1970-07-01,16.3,13.9,18.2,0.0,0.0,,GT,KER,,0.1,
R1111,"Consolidated Edison Co. of NY, Inc.",Hudson Ave 5,J,23657,Brooklyn,047,36,1970-07-01,16.3,15.1,19.7,14.7,19.0,,GT,KER,,0.2,
R1112,"Consolidated Edison Energy, Inc.",Albany LFGE,F,323615,Albany,001,36,1998-05-01,5.6,4.5,4.5,5.6,5.6,,IC,MTE,,28.7,
R1113,"Consolidated Edison Energy, Inc.",Beaver Falls,E,23983,Beaver Falls,049,36,1995-03-01,107.8,80.2,94.9,81.3,91.7,YES,CC,NG,FO2,10.8,
R1114,"Consolidated Edison Energy, Inc.",Broome 2 LFGE,C,323671,Binghamton,007,36,2013-01-31,2.1,2.0,2.0,2.0,2.0,,IC,MTE,,18.6,
R1115,"Consolidated Edison Energy, Inc.",Danskammer 1,G,23586,Newburgh,071,36,1951-12-01,72.0,69.0,69.0,69.6,69.0,YES,ST,NG,FO6,2.7,
R1116,"Consolidated Edison Energy, Inc.",Danskammer 2,G,23589,Newburgh,071,36,1954-09-01,73.5,64.7,64.7,65.1,67.0,YES,ST,NG,FO6,2.7,
R1117,"Consolidated Edison Energy, Inc.",Danskammer 3,G,23590,Newburgh,071,36,1959-10-01,147.1,139.2,139.2,136.7,140.6,,ST,NG,,14.2,
R1118,"Consolidated Edison Energy, Inc.",Danskammer 4,G,23591,Newburgh,071,36,1967-09-01,239.4,238.2,238.2,224.0,228.7,,ST,NG,,10.9,
R1119,"Consolidated Edison Energy, Inc.",Massena,D,23902,Massena,089,36,1992-07-01,102.1,82.2,107.9,81.2,92.3,YES,CC,NG,FO2,1.7,
R1120,"Consolidated Edison Energy, Inc.",Munnsville Wind Power,E,323609,Bouckville,053,36,2007-08-20,34.5,34.5,34.5,34.5,34.5,,WT,WND,,58.2,
R1121,"Consolidated Edison Energy, Inc.",Rensselaer,F,23796,Rensselaer,083,36,1993-12-01,96.9,79.0,79.0,77.0,82.7,YES,CC,NG,FO2,4.2,
R1122,"Consolidated Edison Energy, Inc.",Roseton 1,G,23587,Newburgh,071,36,1974-12-01,621.0,614.8,614.8,584.2,608.0,YES,ST,FO6,NG,264.8,
R1123,"Consolidated Edison Energy, Inc.",Roseton 2,G,23588,Newburgh,071,36,1974-09-01,621.0,605.7,605.7,600.0,603.5,YES,ST,FO6,NG,251.7,
R1124,"Consolidated Edison Energy, Inc.",Selkirk-I,F,23801,Selkirk,001,36,1992-03-01,107.2,82.1,107.2,80.3,105.5,YES,CC,NG,FO2,25.1,
R1125,"Consolidated Edison Energy, Inc.",Selkirk-II,F,23799,Selkirk,001,36,1994-09-01,338.8,291.3,380.5,281.0,333.1,YES,CC,NG,FO2,389.2,
R1126,"Consolidated Edison Energy, Inc.",Syracuse,C,23985,Syracuse,067,36,1993-09-01,102.7,86.8,107.3,85.3,98.9,YES,CC,NG,FO2,32.5,
R1127,"Consolidated Hydro New York, Inc.",Groveville Hydro,G,323602,Beacon,027,36,1983-12-01,0.9,0.9,0.9,0.0,0.0,,HY,WAT,,0.0,
R1128,"Consolidated Hydro New York, Inc.",Walden Hydro,G,24148,Walden,071,36,1983-12-01,2.4,0.0,0.0,0.0,0.0,,HY,WAT,,3.8,
R1129,"Covanta Niagara, LP",American Ref-Fuel 1,A,24010,Niagara,063,36,1993-05-01,25.0,19.6,19.6,15.6,16.1,,ST,REF,,214.4, (G)
R1130,"Covanta Niagara, LP",American Ref-Fuel 2,A,24010,Niagara,063,36,1993-05-01,25.0,19.6,19.6,15.6,16.1,,ST,REF,,,
R1131,"CPV Valley, LLC",CPV_VALLEY___CC1,G,323721,Wawayanda,071,36,2018-03-01,385.0,340.0,380.5,309.3,377.8,YES,CC,NG,FO2,686.8, (6) (N)
R1132,"CPV Valley, LLC",CPV_VALLEY___CC2,G,323722,Wawayanda,071,36,2018-03-01,385.0,340.0,380.5,312.4,377.2,YES,CC,NG,FO2,667.3, (7) (N)
R1133,Cubit Power One Inc.,Arthur Kill Cogen,J,323718,Staten Island,085,36,2018-05-22,11.1,11.1,11.1,0.0,0.0,,IC,NG,,0.2, (8) (N)
R1134,"Dynegy Marketing and Trade, LLC",Independence,C,23970,Scriba,075,36,1994-11-01,"1,254.0",956.4,"1,130.9",988.0,"1,130.9",,CC,NG,,"4,912.1",
R1135,"Eagle Creek Hydro Power, LLC",Mongaup 1,G,23641,Forestburg,105,36,1923-07-01,1.0,0.9,0.9,1.0,1.0,,HY,WAT,,15.1, (G)
R1136,"Eagle Creek Hydro Power, LLC",Mongaup 2,G,23641,Forestburg,105,36,1923-07-01,1.0,1.0,1.0,1.0,1.0,,HY,WAT,,,
R1137,"Eagle Creek Hydro Power, LLC",Mongaup 3,G,23641,Forestburg,105,36,1923-07-01,1.0,1.0,1.0,1.0,1.0,,HY,WAT,,,
R1138,"Eagle Creek Hydro Power, LLC",Mongaup 4,G,23641,Forestburg,105,36,1926-01-01,1.0,1.0,1.0,1.0,1.0,,HY,WAT,,,
R1139,"Eagle Creek Hydro Power, LLC",Rio,G,23641,Glen Spey,105,36,1927-12-01,10.8,10.8,10.8,10.6,10.7,,HY,WAT,,42.3,
R1140,"Eagle Creek Hydro Power, LLC",Swinging Bridge 2,G,23641,Forestburg,105,36,1930-02-01,7.0,7.9,7.9,6.9,7.0,,HY,WAT,,20.3,
R1141,"East Coast Power, LLC",Linden Cogen,J,23786,Linden NJ,039,34,1992-05-01,800.0,790.8,924.9,786.5,826.4,YES,CC,NG,BUT,"4,289.8",
R1142,EDF Renewable Energy,Copenhagen Wind Farm,E,323753,Copenhagen,049,36,2018-12-01,79.9,79.9,79.9,0.0,0.0,,WT,WND,,8.2, (9) (N)
R1143,EDP Renewables NA,Arkwright Summit Wind Farm,A,323751,Arkwright,013,36,2018-09-01,78.4,0.0,0.0,0.0,0.0,,WT,WND,,82.0, (10) (N)
R1144,"Emera Energy Services, Inc",Lockport,A,23791,Lockport,063,36,1992-07-01,221.3,225.2,261.7,210.8,230.8,YES,CC,NG,FO2,444.9,
R1145,"Emera Energy U.S. Sub. No. 1, Inc.",Greenidge 4,C,23583,Torrey,123,36,1953-12-01,112.5,106.3,106.3,104.0,104.0,,ST,NG,WD,202.4,
R1146,Emera Energy Services Sub. No. 3 LLC,Fortistar - N.Tonawanda,A,24026,N Tonawanda,029,36,1993-06-01,68.5,59.0,75.0,59.1,68.5,YES,CC,NG,FO2,24.1,
R1147,"Empire Generating Co, LLC",EMPIRE_CC_1,F,323656,Rensselaer,083,36,2010-09-02,335.0,294.2,360.2,299.8,333.0,YES,CC,NG,FO2,"1,355.4",
R1148,"Empire Generating Co, LLC",EMPIRE_CC_2,F,323658,Rensselaer,083,36,2010-09-02,335.0,298.2,365.1,299.8,333.0,YES,CC,NG,FO2,843.1,
R1149,"ENGIE Energy Marketing NA, Inc.Â  ",Nassau Energy Corporation,K,323695,Garden City,059,36,1991-03-01,55.0,51.6,60.1,43.7,53.9,YES,CC,NG,FO2,331.0,
R1150,Entergy Nuclear Power Marketing LLC,Indian Point 2,H,23530,Buchanan,119,36,1973-08-01,"1,299.0","1,026.5","1,026.5","1,016.1","1,025.9",,NP,UR,,"8,000.5",
R1151,Entergy Nuclear Power Marketing LLC,Indian Point 3,H,23531,Buchanan,119,36,1976-04-01,"1,012.0","1,040.4","1,040.4","1,037.9","1,039.9",,NP,UR,,"8,333.5",
R1152,Erie Blvd. Hydro - Beaver River,Belfort 1,E,24048,Belfort,049,36,1903-01-01,0.4,0.4,0.4,0.4,0.4,,HY,WAT,,1.5,
R1153,Erie Blvd. Hydro - Beaver River,Belfort 2,E,24048,Belfort,049,36,1915-01-01,0.6,0.6,0.6,0.6,0.6,,HY,WAT,,2.8,
R1154,Erie Blvd. Hydro - Beaver River,Belfort 3,E,24048,Belfort,049,36,1918-01-01,1.0,1.0,1.0,1.0,1.0,,HY,WAT,,7.9,
R1155,Erie Blvd. Hydro - Beaver River,Eagle 1,E,24048,Watson,049,36,1914-01-01,1.3,1.2,1.2,1.3,1.3,,HY,WAT,,7.8,
R1156,Erie Blvd. Hydro - Beaver River,Eagle 2,E,24048,Watson,049,36,1915-01-01,1.4,1.3,1.3,1.4,1.4,,HY,WAT,,4.9,
R1157,Erie Blvd. Hydro - Beaver River,Eagle 3,E,24048,Watson,049,36,1919-01-01,1.4,1.3,1.3,1.4,1.4,,HY,WAT,,5.2,
R1158,Erie Blvd. Hydro - Beaver River,Eagle 4,E,24048,Watson,049,36,1925-01-01,2.1,2.0,2.0,2.1,2.1,,HY,WAT,,12.8,
R1159,Erie Blvd. Hydro - Beaver River,Effley 1,E,24048,Belfort,049,36,1902-01-01,0.4,0.3,0.3,0.4,0.4,,HY,WAT,,1.6,
R1160,Erie Blvd. Hydro - Beaver River,Effley 2,E,24048,Belfort,049,36,1907-01-01,0.4,0.3,0.3,0.4,0.4,,HY,WAT,,1.4,
R1161,Erie Blvd. Hydro - Beaver River,Effley 3,E,24048,Belfort,049,36,1910-01-01,0.6,0.5,0.5,0.6,0.6,,HY,WAT,,3.5,
R1162,Erie Blvd. Hydro - Beaver River,Effley 4,E,24048,Belfort,049,36,1923-01-01,1.6,1.5,1.5,1.6,1.6,,HY,WAT,,10.1,
R1163,Erie Blvd. Hydro - Beaver River,Elmer 1,E,24048,Belfort,049,36,1916-01-01,0.8,0.9,0.9,0.8,0.8,,HY,WAT,,5.9,
R1164,Erie Blvd. Hydro - Beaver River,Elmer 2,E,24048,Belfort,049,36,1916-01-01,0.8,0.9,0.9,0.8,0.8,,HY,WAT,,5.6,
R1165,Erie Blvd. Hydro - Beaver River,High Falls 1,E,24048,Indian River,049,36,1925-01-01,1.6,1.9,1.9,1.6,1.6,,HY,WAT,,9.9,
R1166,Erie Blvd. Hydro - Beaver River,High Falls 2,E,24048,Indian River,049,36,1925-01-01,1.6,1.9,1.9,1.6,1.6,,HY,WAT,,6.7,
R1167,Erie Blvd. Hydro - Beaver River,High Falls 3,E,24048,Indian River,049,36,1925-01-01,1.6,1.9,1.9,1.6,1.6,,HY,WAT,,15.2,
R1168,Erie Blvd. Hydro - Beaver River,Moshier 1,E,24048,Belfort,043,36,1929-01-01,4.0,4.0,4.0,4.0,4.0,,HY,WAT,,26.0,
R1169,Erie Blvd. Hydro - Beaver River,Moshier 2,E,24048,Belfort,043,36,1929-01-01,4.0,4.0,4.0,4.0,4.0,,HY,WAT,,16.0,
R1170,Erie Blvd. Hydro - Beaver River,Soft Maple 1,E,24048,Croghan,049,36,1925-01-01,7.5,8.0,8.0,7.5,7.5,,HY,WAT,,13.5,
R1171,Erie Blvd. Hydro - Beaver River,Soft Maple 2,E,24048,Croghan,049,36,1925-01-01,7.5,8.0,8.0,7.5,7.5,,HY,WAT,,25.6,
R1172,Erie Blvd. Hydro - Beaver River,Taylorville 1,E,24048,Belfort,049,36,1913-01-01,1.1,1.0,1.0,1.1,1.1,,HY,WAT,,7.7,
R1173,Erie Blvd. Hydro - Beaver River,Taylorville 2,E,24048,Belfort,049,36,1913-01-01,1.1,1.0,1.0,1.1,1.1,,HY,WAT,,6.0,
R1174,Erie Blvd. Hydro - Beaver River,Taylorville 3,E,24048,Belfort,049,36,1913-01-01,1.1,1.0,1.0,1.1,1.1,,HY,WAT,,4.9,
R1175,Erie Blvd. Hydro - Beaver River,Taylorville 4,E,24048,Belfort,049,36,1927-01-01,1.2,1.1,1.1,1.2,1.2,,HY,WAT,,6.8,
R1176,Erie Blvd. Hydro - Black River,Beebee Island 1,E,24047,Watertown,045,36,1963-01-01,4.0,4.4,4.4,4.0,4.0,,HY,WAT,,10.7,
R1177,Erie Blvd. Hydro - Black River,Beebee Island 2,E,24047,Watertown,045,36,1968-01-01,4.0,4.4,4.4,4.0,4.0,,HY,WAT,,27.6,
R1178,Erie Blvd. Hydro - Black River,Black River 1,E,24047,Black River,045,36,1920-01-01,2.0,2.3,2.3,2.0,2.0,,HY,WAT,,10.6,
R1179,Erie Blvd. Hydro - Black River,Black River 2,E,24047,Black River,045,36,1920-01-01,2.0,2.3,2.3,2.0,2.0,,HY,WAT,,16.0,
R1180,Erie Blvd. Hydro - Black River,Black River 3,E,24047,Black River,045,36,1920-01-01,2.0,2.3,2.3,2.0,2.0,,HY,WAT,,7.0,
R1181,Erie Blvd. Hydro - Black River,Deferiet 1,E,24047,Deferiet,045,36,1925-01-01,3.6,3.7,3.7,3.6,3.6,,HY,WAT,,16.0,
R1182,Erie Blvd. Hydro - Black River,Deferiet 2,E,24047,Deferiet,045,36,1925-01-01,3.6,3.7,3.7,3.6,3.6,,HY,WAT,,21.2,
R1183,Erie Blvd. Hydro - Black River,Deferiet 3,E,24047,Deferiet,045,36,1925-01-01,3.6,3.7,3.7,3.6,3.6,,HY,WAT,,13.7,
R1184,Erie Blvd. Hydro - Black River,Herrings 1,E,24047,Herrings,045,36,1924-01-01,1.8,1.8,1.8,1.8,1.8,,HY,WAT,,6.3,
R1185,Erie Blvd. Hydro - Black River,Herrings 2,E,24047,Herrings,045,36,1924-01-01,1.8,1.8,1.8,1.8,1.8,,HY,WAT,,9.5,
R1186,Erie Blvd. Hydro - Black River,Herrings 3,E,24047,Herrings,045,36,1924-01-01,1.8,1.8,1.8,1.8,1.8,,HY,WAT,,5.2,
R1187,Erie Blvd. Hydro - Black River,Kamargo 1,E,24047,Black River,045,36,1921-01-01,1.8,1.8,1.8,1.8,1.8,,HY,WAT,,7.5,
R1188,Erie Blvd. Hydro - Black River,Kamargo 2,E,24047,Black River,045,36,1921-01-01,1.8,1.8,1.8,1.8,1.8,,HY,WAT,,9.2,
R1189,Erie Blvd. Hydro - Black River,Kamargo 3,E,24047,Black River,045,36,1921-01-01,1.8,1.8,1.8,1.8,1.8,,HY,WAT,,4.3,
R1190,Erie Blvd. Hydro - Black River,Sewalls 1,E,24047,Watertown,045,36,1925-01-01,1.0,1.1,1.1,1.0,1.0,,HY,WAT,,3.1,
R1191,Erie Blvd. Hydro - Black River,Sewalls 2,E,24047,Watertown,045,36,1925-01-01,1.0,1.1,1.1,1.0,1.0,,HY,WAT,,4.5,
R1192,Erie Blvd. Hydro - East Canada Capital,Beardslee 1,F,24051,Little Falls,043,36,1924-01-01,10.0,9.5,9.5,10.0,10.0,,HY,WAT,,24.7,
R1193,Erie Blvd. Hydro - East Canada Capital,Beardslee 2,F,24051,Little Falls,043,36,1924-01-01,10.0,9.5,9.5,10.0,10.0,,HY,WAT,,32.2,
R1194,Erie Blvd. Hydro - East Canada Capital,Ephratah 1,F,24051,Caroga Lake,035,36,1920-01-01,1.4,0.7,0.7,1.4,1.4,,HY,WAT,,0.4,
R1195,Erie Blvd. Hydro - East Canada Capital,Ephratah 2,F,24051,Caroga Lake,035,36,1911-01-01,1.2,0.6,0.6,1.2,1.2,,HY,WAT,,2.6,
R1196,Erie Blvd. Hydro - East Canada Capital,Ephratah 3,F,24051,Caroga Lake,035,36,1911-01-01,1.3,0.0,0.0,0.0,0.0,,HY,WAT,,2.9,
R1197,Erie Blvd. Hydro - East Canada Capital,Ephratah 4,F,24051,Caroga Lake,035,36,1911-01-01,1.3,0.7,0.7,1.3,1.3,,HY,WAT,,5.6,
R1198,Erie Blvd. Hydro - East Canada Mohawk,Inghams 1,E,24050,Little Falls,043,36,1912-01-01,3.2,3.5,3.5,3.2,3.2,,HY,WAT,,14.9,
R1199,Erie Blvd. Hydro - East Canada Mohawk,Inghams 2,E,24050,Little Falls,043,36,1912-01-01,3.2,3.5,3.5,3.2,3.2,,HY,WAT,,13.4,
R1200,Erie Blvd. Hydro - Lower Hudson,Johnsonville 1,F,24059,Johnsonville,083,36,1909-01-01,1.2,1.3,1.3,1.2,1.2,,HY,WAT,,3.9,
R1201,Erie Blvd. Hydro - Lower Hudson,Johnsonville 2,F,24059,Johnsonville,083,36,1909-01-01,1.2,1.3,1.3,1.2,1.2,,HY,WAT,,3.4,
R1202,Erie Blvd. Hydro - Lower Hudson,Schaghticoke 1,F,24059,Schaghticoke,083,36,1908-01-01,3.3,4.1,4.1,3.3,3.3,,HY,WAT,,21.5,
R1203,Erie Blvd. Hydro - Lower Hudson,Schaghticoke 2,F,24059,Schaghticoke,083,36,1908-01-01,3.3,4.1,4.1,3.3,3.3,,HY,WAT,,19.5,
R1204,Erie Blvd. Hydro - Lower Hudson,Schaghticoke 3,F,24059,Schaghticoke,083,36,1908-01-01,3.3,4.1,4.1,3.3,3.3,,HY,WAT,,9.2,
R1205,Erie Blvd. Hydro - Lower Hudson,Schaghticoke 4,F,24059,Schaghticoke,083,36,1908-01-01,3.3,4.1,4.1,3.3,3.3,,HY,WAT,,19.4,
R1206,Erie Blvd. Hydro - Lower Hudson,School Street 1,F,24059,Cohoes,001,36,1974-01-01,7.2,6.9,6.9,7.2,7.2,,HY,WAT,,27.9,
R1207,Erie Blvd. Hydro - Lower Hudson,School Street 2,F,24059,Cohoes,001,36,1915-01-01,7.2,6.9,6.9,7.2,7.2,,HY,WAT,,34.2,
R1208,Erie Blvd. Hydro - Lower Hudson,School Street 3,F,24059,Cohoes,001,36,1915-01-01,7.2,6.9,6.9,7.2,7.2,,HY,WAT,,32.3,
R1209,Erie Blvd. Hydro - Lower Hudson,School Street 4,F,24059,Cohoes,001,36,1922-01-01,7.2,6.9,6.9,7.2,7.2,,HY,WAT,,29.1,
R1210,Erie Blvd. Hydro - Lower Hudson,School Street 5,F,24059,Cohoes,001,36,1924-01-01,10.0,9.6,9.6,10.0,10.0,,HY,WAT,,24.9,
R1211,Erie Blvd. Hydro - Lower Hudson,Schuylerville,F,24059,Schuylerville,091,36,1919-01-01,1.2,1.5,1.5,1.2,1.2,,HY,WAT,,1.2,
R1212,Erie Blvd. Hydro - Lower Raquette,Colton 1,E,24057,Colton,089,36,1962-01-01,10.0,10.0,10.0,10.0,10.0,,HY,WAT,,68.3,
R1213,Erie Blvd. Hydro - Lower Raquette,Colton 2,E,24057,Colton,089,36,1918-01-01,10.0,10.0,10.0,10.0,10.0,,HY,WAT,,56.4,
R1214,Erie Blvd. Hydro - Lower Raquette,Colton 3,E,24057,Colton,089,36,1928-01-01,10.0,10.0,10.0,10.0,10.0,,HY,WAT,,49.2,
R1215,Erie Blvd. Hydro - Lower Raquette,East Norfolk,E,24057,East Norfolk,089,36,1928-01-01,3.6,4.0,4.0,3.5,3.5,,HY,WAT,,21.9,
R1216,Erie Blvd. Hydro - Lower Raquette,Hannawa Falls 1,E,24057,Hannawa Falls,089,36,1914-01-01,3.6,3.7,3.7,3.6,3.6,,HY,WAT,,25.3,
R1217,Erie Blvd. Hydro - Lower Raquette,Hannawa Falls 2,E,24057,Hannawa Falls,089,36,1920-01-01,3.6,3.7,3.7,3.6,3.6,,HY,WAT,,21.2,
R1218,Erie Blvd. Hydro - Lower Raquette,Higley 1,E,24057,Colton,089,36,1913-01-01,1.2,1.1,1.1,1.2,1.2,,HY,WAT,,10.3,
R1219,Erie Blvd. Hydro - Lower Raquette,Higley 2,E,24057,Colton,089,36,1913-01-01,1.2,1.1,1.1,1.2,1.2,,HY,WAT,,7.6,
R1220,Erie Blvd. Hydro - Lower Raquette,Higley 3,E,24057,Colton,089,36,1943-01-01,2.1,2.0,2.0,2.1,2.1,,HY,WAT,,8.8,
R1221,Erie Blvd. Hydro - Lower Raquette,Higley 4,E,24057,Colton,089,36,1943-01-01,2.1,2.0,2.0,2.1,2.1,,HY,WAT,,8.2,
R1222,Erie Blvd. Hydro - Lower Raquette,Norfolk,E,24057,Norfolk,089,36,1928-01-01,4.5,4.8,4.8,4.5,4.5,,HY,WAT,,22.4,
R1223,Erie Blvd. Hydro - Lower Raquette,Norwood,E,24057,Norwood,089,36,1928-01-01,2.0,2.2,2.2,2.0,2.0,,HY,WAT,,10.1,
R1224,Erie Blvd. Hydro - Lower Raquette,Raymondville,E,24057,Raymondville,089,36,1928-01-01,2.0,2.1,2.1,2.0,2.0,,HY,WAT,,10.6,
R1225,Erie Blvd. Hydro - Lower Raquette,Sugar Island 1,E,24057,Potsdam,089,36,1924-01-01,2.5,2.1,2.1,2.6,2.6,,HY,WAT,,10.9,
R1226,Erie Blvd. Hydro - Lower Raquette,Sugar Island 2,E,24057,Potsdam,089,36,1924-01-01,2.5,2.0,2.0,2.4,2.4,,HY,WAT,,13.6,
R1227,Erie Blvd. Hydro - Lower Raquette,Yaleville 1,E,24057,Norwood,089,36,1940-01-01,0.5,0.2,0.2,0.5,0.5,,HY,WAT,,1.8,
R1228,Erie Blvd. Hydro - Lower Raquette,Yaleville 2,E,24057,Norwood,089,36,1940-01-01,0.2,0.3,0.3,0.2,0.2,,HY,WAT,,1.2,
R1229,Erie Blvd. Hydro - North Salmon,Allens Falls,D,24042,Allens Falls,089,36,1927-01-01,4.4,5.0,5.0,4.4,4.4,,HY,WAT,,13.7,
R1230,Erie Blvd. Hydro - North Salmon,Chasm 1,D,24042,Chateaugay,033,36,1913-01-01,1.0,1.1,1.1,1.0,1.0,,HY,WAT,,7.9,
R1231,Erie Blvd. Hydro - North Salmon,Chasm 2,D,24042,Chateaugay,033,36,1913-01-01,1.0,1.1,1.1,1.0,1.0,,HY,WAT,,6.6,
R1232,Erie Blvd. Hydro - North Salmon,Chasm 3,D,24042,Chateaugay,033,36,1926-01-01,1.4,1.6,1.6,1.4,1.4,,HY,WAT,,7.5,
R1233,Erie Blvd. Hydro - North Salmon,Franklin 1,D,24042,Franklin,033,36,1911-01-01,1.1,1.1,1.1,1.1,1.1,,HY,WAT,,5.3,
R1234,Erie Blvd. Hydro - North Salmon,Franklin 2,D,24042,Franklin,033,36,1926-01-01,1.1,1.1,1.1,1.1,1.1,,HY,WAT,,5.4,
R1235,Erie Blvd. Hydro - North Salmon,Macomb,D,24042,Malone,033,36,1940-01-01,1.0,1.1,1.1,1.0,1.0,,HY,WAT,,6.3,
R1236,Erie Blvd. Hydro - North Salmon,Parishville,D,24042,Parishville,089,36,1925-01-01,2.4,2.4,2.4,2.4,2.4,,HY,WAT,,19.8,
R1237,Erie Blvd. Hydro - North Salmon,Piercefield 1,D,24042,Piercefield,089,36,1957-01-01,1.5,1.6,1.6,1.5,1.5,,HY,WAT,,8.9,
R1238,Erie Blvd. Hydro - North Salmon,Piercefield 2,D,24042,Piercefield,089,36,1924-01-01,0.6,0.6,0.6,0.6,0.6,,HY,WAT,,3.2,
R1239,Erie Blvd. Hydro - North Salmon,Piercefield 3,D,24042,Piercefield,089,36,1924-01-01,0.6,0.6,0.6,0.6,0.6,,HY,WAT,,3.2,
R1240,Erie Blvd. Hydro - NYS Barge,Hydraulic Race,A,23848,Lockport,063,36,1942-01-01,4.7,3.1,3.1,4.7,4.7,,HY,WAT,,9.2,
R1241,Erie Blvd. Hydro - Oak Orchard,Glenwood 1,B,24046,Medina,073,36,1950-01-01,0.5,0.5,0.5,0.5,0.5,,HY,WAT,,1.3,
R1242,Erie Blvd. Hydro - Oak Orchard,Glenwood 2,B,24046,Medina,073,36,1950-01-01,0.5,0.5,0.5,0.5,0.5,,HY,WAT,,1.0,
R1243,Erie Blvd. Hydro - Oak Orchard,Glenwood 3,B,24046,Medina,073,36,1950-01-01,0.5,0.5,0.5,0.5,0.5,,HY,WAT,,0.3,
R1244,Erie Blvd. Hydro - Oak Orchard,Oak Orchard,B,24046,Waterport,073,36,1941-01-01,0.4,0.3,0.3,0.4,0.4,,HY,WAT,,0.0,
R1245,Erie Blvd. Hydro - Oak Orchard,Waterport 1,B,24046,Waterport,073,36,1941-01-01,2.3,1.6,1.6,2.3,2.3,,HY,WAT,,8.5,
R1246,Erie Blvd. Hydro - Oak Orchard,Waterport 2,B,24046,Waterport,073,36,1968-01-01,2.5,1.8,1.8,2.5,2.5,,HY,WAT,,8.7,
R1247,Erie Blvd. Hydro - Oswegatchie,Browns Falls 1,E,24044,Oswegatchie,089,36,1923-01-01,7.5,8.0,8.0,7.5,7.5,,HY,WAT,,20.4,
R1248,Erie Blvd. Hydro - Oswegatchie,Browns Falls 2,E,24044,Oswegatchie,089,36,1923-01-01,7.5,8.0,8.0,7.5,7.5,,HY,WAT,,34.1,
R1249,Erie Blvd. Hydro - Oswegatchie,Eel Weir 1,E,24044,Heuvelton,089,36,1928-01-01,0.5,0.3,0.3,0.5,0.5,,HY,WAT,,1.9,
R1250,Erie Blvd. Hydro - Oswegatchie,Eel Weir 2,E,24044,Heuvelton,089,36,1938-01-01,1.1,0.8,0.8,1.1,1.1,,HY,WAT,,2.0,
R1251,Erie Blvd. Hydro - Oswegatchie,Eel Weir 3,E,24044,Heuvelton,089,36,1938-01-01,1.1,0.8,0.8,1.1,1.1,,HY,WAT,,3.1,
R1252,Erie Blvd. Hydro - Oswegatchie,Flat Rock 1,E,24044,Flat Rock,089,36,1924-01-01,3.0,2.6,2.6,3.0,3.0,,HY,WAT,,10.7,
R1253,Erie Blvd. Hydro - Oswegatchie,Flat Rock 2,E,24044,Flat Rock,089,36,1924-01-01,3.0,2.6,2.6,3.0,3.0,,HY,WAT,,8.7,
R1254,Erie Blvd. Hydro - Oswegatchie,Heuvelton 1,E,24044,Heuvelton,089,36,1924-01-01,0.5,0.4,0.4,0.5,0.5,,HY,WAT,,2.0,
R1255,Erie Blvd. Hydro - Oswegatchie,Heuvelton 2,E,24044,Heuvelton,089,36,1924-01-01,0.5,0.4,0.4,0.5,0.5,,HY,WAT,,1.4,
R1256,Erie Blvd. Hydro - Oswegatchie,Lower Newton Falls 1 ,E,24044,Newton Falls,089,36,2002-07-01,0.5,0.6,0.6,0.5,0.5,,HY,WAT,,3.0,
R1257,Erie Blvd. Hydro - Oswegatchie,Oswegatchie 1,E,24044,Oswegatchie,089,36,1937-01-01,0.6,1.3,1.3,0.6,0.6,,HY,WAT,,3.8,
R1258,Erie Blvd. Hydro - Oswegatchie,Oswegatchie 2,E,24044,Oswegatchie,089,36,1937-01-01,0.2,0.5,0.5,0.2,0.2,,HY,WAT,,2.9,
R1259,Erie Blvd. Hydro - Oswegatchie,South Edwards 1,E,24044,South Edwards,089,36,1937-01-01,1.0,1.2,1.2,1.0,1.0,,HY,WAT,,4.7,
R1260,Erie Blvd. Hydro - Oswegatchie,South Edwards 2,E,24044,South Edwards,089,36,1937-01-01,1.0,1.2,1.2,1.0,1.0,,HY,WAT,,4.0,
R1261,Erie Blvd. Hydro - Oswegatchie,South Edwards 3,E,24044,South Edwards,089,36,1921-01-01,0.7,0.8,0.8,0.7,0.7,,HY,WAT,,2.6,
R1262,Erie Blvd. Hydro - Oswegatchie,South Edwards 4,E,24044,South Edwards,089,36,1937-01-01,0.2,0.2,0.2,0.2,0.2,,HY,WAT,,1.4,
R1263,Erie Blvd. Hydro - Oswegatchie,Talcville 1,E,24044,Edwards,089,36,1986-12-01,0.5,0.4,0.4,0.5,0.5,,HY,WAT,,3.4,
R1264,Erie Blvd. Hydro - Oswegatchie,Talcville 2,E,24044,Edwards,089,36,1986-12-01,0.5,0.4,0.4,0.5,0.5,,HY,WAT,,0.5,
R1265,Erie Blvd. Hydro - Oswegatchie,Upper Newton Falls 2,E,24044,Newton Falls,089,36,2002-07-01,0.5,0.4,0.4,0.5,0.5,,HY,WAT,,3.2,
R1266,Erie Blvd. Hydro - Oswegatchie,Upper Newton Falls 3,E,24044,Newton Falls,089,36,2002-07-01,0.5,0.4,0.4,0.5,0.5,,HY,WAT,,2.6,
R1267,Erie Blvd. Hydro - Oswegatchie,Upper Newton Falls 4,E,24044,Newton Falls,089,36,2002-07-01,0.5,0.4,0.4,0.5,0.5,,HY,WAT,,1.4,
R1268,Erie Blvd. Hydro - Seneca Oswego,Baldwinsville 1,C,24041,Baldwinsville,067,36,1927-01-01,0.3,0.2,0.2,0.3,0.3,,HY,WAT,,2.0,
R1269,Erie Blvd. Hydro - Seneca Oswego,Baldwinsville 2,C,24041,Baldwinsville,067,36,1927-01-01,0.3,0.2,0.2,0.3,0.3,,HY,WAT,,1.4,
R1270,Erie Blvd. Hydro - Seneca Oswego,Fulton 1,C,24041,Fulton,075,36,1924-01-01,0.8,0.8,0.8,0.8,0.8,,HY,WAT,,3.8,
R1271,Erie Blvd. Hydro - Seneca Oswego,Fulton 2,C,24041,Fulton,075,36,1928-01-01,0.5,0.4,0.4,0.5,0.5,,HY,WAT,,2.2,
R1272,Erie Blvd. Hydro - Seneca Oswego,Granby 1,C,24041,Granby,075,36,1983-05-01,5.0,5.1,5.1,5.2,5.2,,HY,WAT,,20.7,
R1273,Erie Blvd. Hydro - Seneca Oswego,Granby 2,C,24041,Granby,075,36,1983-05-01,5.0,5.1,5.1,5.2,5.2,,HY,WAT,,21.0,
R1274,Erie Blvd. Hydro - Seneca Oswego,Minetto 2,C,24041,Minetto,075,36,1915-01-01,1.6,1.5,1.5,1.7,1.7,,HY,WAT,,5.6,
R1275,Erie Blvd. Hydro - Seneca Oswego,Minetto 3,C,24041,Minetto,075,36,1915-01-01,1.6,1.5,1.5,1.7,1.7,,HY,WAT,,6.7,
R1276,Erie Blvd. Hydro - Seneca Oswego,Minetto 4,C,24041,Minetto,075,36,1915-01-01,1.6,1.5,1.5,1.7,1.7,,HY,WAT,,6.1,
R1277,Erie Blvd. Hydro - Seneca Oswego,Minetto 5,C,24041,Minetto,075,36,1975-01-01,1.6,1.5,1.5,1.7,1.7,,HY,WAT,,4.2,
R1278,Erie Blvd. Hydro - Seneca Oswego,Minetto 6,C,24041,Minetto,075,36,1975-01-01,1.6,1.5,1.5,1.7,1.7,,HY,WAT,,4.5,
R1279,Erie Blvd. Hydro - Seneca Oswego,Oswego Falls E 1,C,24041,Oswego,075,36,1914-01-01,1.5,1.5,1.5,1.6,1.6,,HY,WAT,,8.6,
R1280,Erie Blvd. Hydro - Seneca Oswego,Oswego Falls E 2,C,24041,Oswego,075,36,1914-01-01,1.5,1.5,1.5,1.6,1.6,,HY,WAT,,8.6,
R1281,Erie Blvd. Hydro - Seneca Oswego,Oswego Falls E 3,C,24041,Oswego,075,36,1914-01-01,1.5,1.5,1.5,1.6,1.6,,HY,WAT,,8.9,
R1282,Erie Blvd. Hydro - Seneca Oswego,Oswego Falls W 4,C,24041,Oswego,075,36,1914-01-01,0.9,1.0,1.0,0.9,0.9,,HY,WAT,,3.5,
R1283,Erie Blvd. Hydro - Seneca Oswego,Oswego Falls W 5,C,24041,Oswego,075,36,1914-01-01,0.9,1.0,1.0,0.9,0.9,,HY,WAT,,2.8,
R1284,Erie Blvd. Hydro - Seneca Oswego,Oswego Falls W 6,C,24041,Oswego,075,36,2007-01-01,0.5,0.5,0.5,0.5,0.5,,HY,WAT,,0.8,
R1285,Erie Blvd. Hydro - Seneca Oswego,Oswego Falls W 7,C,24041,Oswego,075,36,2007-01-01,0.5,0.5,0.5,0.5,0.5,,HY,WAT,,0.8,
R1286,Erie Blvd. Hydro - Seneca Oswego,Varick 2,C,24041,Oswego,075,36,1926-01-01,2.2,1.9,1.9,2.3,2.3,,HY,WAT,,9.7,
R1287,Erie Blvd. Hydro - Seneca Oswego,Varick 3,C,24041,Oswego,075,36,1926-01-01,2.2,2.1,2.1,2.3,2.3,,HY,WAT,,5.7,
R1288,Erie Blvd. Hydro - Seneca Oswego,Varick 4,C,24041,Oswego,075,36,1926-01-01,2.2,1.9,1.9,2.3,2.3,,HY,WAT,,2.9,
R1289,Erie Blvd. Hydro - Seneca Oswego,Varick 5,C,24041,Oswego,075,36,1926-01-01,2.2,1.9,1.9,2.3,2.3,,HY,WAT,,7.9,
R1290,Erie Blvd. Hydro - South Salmon,Bennetts Bridge 1,C,24043,Altmar,075,36,1964-01-01,6.4,7.0,7.0,6.4,6.4,,HY,WAT,,11.0,
R1291,Erie Blvd. Hydro - South Salmon,Bennetts Bridge 2,C,24043,Altmar,075,36,1966-01-01,6.4,7.0,7.0,6.4,6.4,,HY,WAT,,16.5,
R1292,Erie Blvd. Hydro - South Salmon,Bennetts Bridge 3,C,24043,Altmar,075,36,1970-01-01,7.0,7.7,7.7,7.0,7.0,,HY,WAT,,36.5,
R1293,Erie Blvd. Hydro - South Salmon,Bennetts Bridge 4,C,24043,Altmar,075,36,1970-01-01,7.0,7.7,7.7,7.0,7.0,,HY,WAT,,40.5,
R1294,Erie Blvd. Hydro - South Salmon,Lighthouse Hill 1,C,24043,Altmar,075,36,1930-01-01,3.8,4.1,4.1,3.8,3.8,,HY,WAT,,14.4,
R1295,Erie Blvd. Hydro - South Salmon,Lighthouse Hill 2,C,24043,Altmar,075,36,1930-01-01,3.8,4.1,4.1,3.8,3.8,,HY,WAT,,10.8,
R1296,Erie Blvd. Hydro - Upper Hudson,E J West 1,F,24058,Hadley,091,36,1930-01-01,10.0,11.9,11.9,10.0,10.0,,HY,WAT,,23.6,
R1297,Erie Blvd. Hydro - Upper Hudson,E J West 2,F,24058,Hadley,091,36,1930-01-01,10.0,11.9,11.9,10.0,10.0,,HY,WAT,,30.4,
R1298,Erie Blvd. Hydro - Upper Hudson,Feeder Dam 1,F,24058,S Glens Falls,091,36,1924-01-01,1.2,0.9,0.9,1.2,1.2,,HY,WAT,,5.3,
R1299,Erie Blvd. Hydro - Upper Hudson,Feeder Dam 2,F,24058,S Glens Falls,091,36,1924-01-01,1.2,0.9,0.9,1.2,1.2,,HY,WAT,,5.0,
R1300,Erie Blvd. Hydro - Upper Hudson,Feeder Dam 3,F,24058,S Glens Falls,091,36,1924-01-01,1.2,0.9,0.9,1.2,1.2,,HY,WAT,,5.6,
R1301,Erie Blvd. Hydro - Upper Hudson,Feeder Dam 4,F,24058,S Glens Falls,091,36,1924-01-01,1.2,0.9,0.9,1.2,1.2,,HY,WAT,,5.1,
R1302,Erie Blvd. Hydro - Upper Hudson,Feeder Dam 5,F,24058,S Glens Falls,091,36,1924-01-01,1.2,0.9,0.9,1.2,1.2,,HY,WAT,,5.6,
R1303,Erie Blvd. Hydro - Upper Hudson,Sherman Island 1,F,24058,Queensbury,113,36,2009-03-01,8.0,0.0,0.0,0.0,0.0,,HY,WAT,,29.7,
R1304,Erie Blvd. Hydro - Upper Hudson,Sherman Island 2,F,24058,Queensbury,113,36,1923-01-01,7.2,8.1,8.1,7.2,7.2,,HY,WAT,,29.0,
R1305,Erie Blvd. Hydro - Upper Hudson,Sherman Island 3,F,24058,Queensbury,113,36,1923-01-01,8.7,9.7,9.7,8.7,8.7,,HY,WAT,,40.7,
R1306,Erie Blvd. Hydro - Upper Hudson,Sherman Island 4,F,24058,Queensbury,113,36,1923-01-01,7.2,8.1,8.1,7.2,7.2,,HY,WAT,,38.4,
R1307,Erie Blvd. Hydro - Upper Hudson,Sherman Island 5,F,24058,Queensbury,113,36,1923-01-01,7.2,8.1,8.1,7.2,7.2,,HY,WAT,,22.7,
R1308,Erie Blvd. Hydro - Upper Hudson,Sherman Island 6,F,24058,Queensbury,113,36,2009-02-02,1.3,0.0,0.0,0.0,0.0,,HY,WAT,,9.6,
R1309,Erie Blvd. Hydro - Upper Hudson,Spier Falls 1,F,24058,Moreau,091,36,1924-01-01,6.8,8.4,8.4,6.8,6.8,,HY,WAT,,66.0,
R1310,Erie Blvd. Hydro - Upper Hudson,Spier Falls 2,F,24058,Moreau,091,36,1930-01-01,37.6,46.9,46.9,37.6,37.6,,HY,WAT,,173.2,
R1311,Erie Blvd. Hydro - Upper Hudson,Stewarts Bridge 1,F,24058,Hadley,091,36,1952-01-01,30.0,35.8,35.8,30.0,30.0,,HY,WAT,,103.5,
R1312,Erie Blvd. Hydro - Upper Hudson,Stewarts Bridge 2,F,24058,Hadley,091,36,2013-06-01,2.5,0.0,0.0,0.0,0.0,,HY,WAT,,20.8,
R1313,Erie Blvd. Hydro - Upper Raquette,Blake,E,24056,Stark,089,36,1957-01-01,14.4,15.6,15.6,14.4,14.4,,HY,WAT,,60.6,
R1314,Erie Blvd. Hydro - Upper Raquette,Five Falls,E,24056,Colton,089,36,1955-01-01,22.5,24.4,24.4,22.5,22.5,,HY,WAT,,98.7,
R1315,Erie Blvd. Hydro - Upper Raquette,Rainbow Falls,E,24056,Colton,089,36,1956-01-01,22.5,24.4,24.4,22.5,22.5,,HY,WAT,,99.5,
R1316,Erie Blvd. Hydro - Upper Raquette,South Colton,E,24056,South Colton,089,36,1954-01-01,19.4,20.9,20.9,19.4,19.4,,HY,WAT,,83.4,
R1317,Erie Blvd. Hydro - Upper Raquette,Stark,E,24056,Stark,089,36,1957-01-01,22.5,24.6,24.6,22.5,22.5,,HY,WAT,,95.8,
R1318,Erie Blvd. Hydro - West Canada,Prospect,E,24049,Prospect,043,36,1959-01-01,17.3,21.7,21.7,17.3,17.3,,HY,WAT,,79.0,
R1319,Erie Blvd. Hydro - West Canada,Trenton Falls 5,E,24049,Trenton,065,36,1919-01-01,6.8,9.6,9.6,6.8,6.8,,HY,WAT,,51.9,
R1320,Erie Blvd. Hydro - West Canada,Trenton Falls 6,E,24049,Trenton,065,36,1919-01-01,6.4,9.1,9.1,6.4,6.4,,HY,WAT,,54.1,
R1321,Erie Blvd. Hydro - West Canada,Trenton Falls 7,E,24049,Trenton,065,36,1922-01-01,6.4,9.1,9.1,6.4,6.4,,HY,WAT,,45.4,
R1322,Erie Blvd. Hydropower LP,West Delaware Hydro,G,323627,Grahamsville,105,36,1988-12-01,7.5,7.5,7.5,7.5,7.5,,HY,WAT,,11.5,
R1323,"Erie Wind, LLC",Erie Wind,A,323693,Lackawanna,029,36,2012-02-01,15.0,0.0,0.0,0.0,0.0,,WT,WND,,26.2,
R1324,"Exelon Generation Company, LLC",Chaffee,A,323603,Chaffee,029,36,2007-08-09,6.4,6.4,6.4,6.4,6.4,,IC,MTE,,46.8,
R1325,"Exelon Generation Company, LLC",High Acres,C,23767,Fairport,117,36,1991-06-01,9.6,9.6,9.6,9.6,9.6,,IC,MTE,,6.4,
R1326,"Exelon Generation Company, LLC",James A. FitzPatrick,C,23598,Scriba,075,36,1975-07-01,882.0,858.9,858.9,845.4,854.5,,NB,UR,,"6,527.8",
R1327,"Exelon Generation Company, LLC",Madison County LF,E,323628,Wampsville,053,36,2010-03-01,1.6,1.6,1.6,1.6,1.6,,IC,MTE,,4.5,
R1328,"Exelon Generation Company, LLC",Mill Seat,B,323607,Riga,055,36,2007-07-20,6.4,6.4,6.4,6.4,6.4,,IC,MTE,,52.8,
R1329,"Exelon Generation Company, LLC",Monroe Livingston,B,24207,Scottsville,055,36,1988-11-01,2.4,2.4,2.4,2.4,2.4,,IC,MTE,,7.7,
R1330,"Exelon Generation Company, LLC",Oneida-Herkimer  LFGE,E,323681,Boonville,065,36,2012-04-01,3.2,3.2,3.2,3.2,3.2,,IC,MTE,,27.0,
R1331,"Exelon Generation Company, LLC",Synergy Biogas,B,323694,Wyoming,121,36,2012-09-01,2.0,2.0,2.0,0.0,0.0,,IC,MTE,,3.1,
R1332,"Flat Rock Windpower II, LLC",Maple Ridge Wind 2,E,323611,Lowville,049,36,2007-12-01,90.8,90.7,90.7,90.8,90.8,,WT,WND,,203.2,
R1333,"Flat Rock Windpower, LLC",Maple Ridge Wind 1,E,323574,Lowville,049,36,2006-01-01,231.0,231.0,231.0,231.0,231.0,,WT,WND,,536.0,
R1334,Freeport Electric,Freeport 1-2,K,1660,Freeport,059,36,1949-08-01,2.9,2.0,2.0,2.2,2.9,,IC,FO2,,0.0,
R1335,Freeport Electric,Freeport 1-3,K,1660,Freeport,059,36,1954-08-01,3.1,2.1,2.1,2.1,3.1,,IC,FO2,,0.0,
R1336,Freeport Electric,Freeport 1-4,K,1660,Freeport,059,36,1964-10-01,5.1,4.4,4.4,4.5,5.0,,IC,FO2,,0.1,
R1337,Freeport Electric,Freeport 2-3,K,1660,Freeport,059,36,1973-05-01,18.1,18.1,18.1,18.2,17.9,,GT,KER,,0.1,
R1338,Freeport Electric,Freeport CT 2,K,23818,Freeport,059,36,2004-03-01,60.5,50.3,50.3,47.1,50.7,YES,GT,NG,KER,43.3,
R1339,"GenOn Energy Management, LLC",Bowline 1,G,23526,West Haverstraw,087,36,1972-09-01,621.0,577.7,577.7,556.8,549.5,YES,ST,NG,FO6,238.4,
R1340,"GenOn Energy Management, LLC",Bowline 2,G,23595,West Haverstraw,087,36,1974-05-01,621.0,567.4,567.4,547.5,567.9,YES,ST,NG,FO6,229.3,
R1341,Hardscrabble Wind Power LLC,Hardscrabble Wind,E,323673,Fairfield,043,36,2011-02-01,74.0,74.0,74.0,74.0,74.0,,WT,WND,,176.8,
R1342,"Helix Ravenswood, LLC",Ravenswood 01,J,23729,Queens,081,36,1967-07-01,18.6,8.8,11.5,7.8,6.4,,GT,NG,,0.2,
R1343,"Helix Ravenswood, LLC",Ravenswood 10,J,24258,Queens,081,36,1970-08-01,25.0,21.2,27.0,16.7,23.7,YES,JE,KER,NG,2.1,
R1344,"Helix Ravenswood, LLC",Ravenswood 11,J,24259,Queens,081,36,1970-08-01,25.0,20.2,25.7,16.7,24.4,YES,JE,KER,NG,2.6,
R1345,"Helix Ravenswood, LLC",Ravenswood 2-1  (IIFO - 4/1/18),J,24244,Queens,081,36,1970-12-01,42.9,40.4,51.4,0.0,0.0,YES,JE,NG,KER,0.2, (11) (I)
R1346,"Helix Ravenswood, LLC",Ravenswood 2-2  (IIFO - 4/1/18),J,24245,Queens,081,36,1970-12-01,42.9,37.6,47.8,0.0,0.0,YES,JE,NG,KER,0.0, (11) (I)
R1347,"Helix Ravenswood, LLC",Ravenswood 2-3  (IIFO - 4/1/18),J,24246,Queens,081,36,1970-12-01,42.9,39.2,49.9,0.0,0.0,YES,JE,NG,KER,0.0, (11) (I)
R1348,"Helix Ravenswood, LLC",Ravenswood 2-4  (IIFO - 4/1/18),J,24247,Queens,081,36,1970-12-01,42.9,39.8,50.6,0.0,0.0,YES,JE,NG,KER,0.0, (11) (I)
R1349,"Helix Ravenswood, LLC",Ravenswood 3-1  (IIFO - 4/1/18),J,24248,Queens,081,36,1970-08-01,42.9,40.5,51.5,0.0,0.0,YES,JE,NG,KER,0.0, (11) (I)
R1350,"Helix Ravenswood, LLC",Ravenswood 3-2  (IIFO - 4/1/18),J,24249,Queens,081,36,1970-08-01,42.9,38.1,48.5,0.0,0.0,YES,JE,NG,KER,0.0, (11) (I)
R1351,"Helix Ravenswood, LLC",Ravenswood 3-4  (IIFO - 4/1/18),J,24251,Queens,081,36,1970-08-01,42.9,35.8,45.5,0.0,0.0,YES,JE,NG,KER,0.0, (11) (I)
R1352,"Helix Ravenswood, LLC",Ravenswood CC 04,J,23820,Queens,081,36,2004-05-01,250.0,231.2,276.7,221.8,272.5,YES,CC,NG,FO2,"1,347.4",
R1353,"Helix Ravenswood, LLC",Ravenswood ST 01,J,23533,Queens,081,36,1963-02-01,400.0,365.1,365.1,368.0,370.2,YES,ST,FO6,NG,598.7,
R1354,"Helix Ravenswood, LLC",Ravenswood ST 02,J,23534,Queens,081,36,1963-05-01,400.0,391.6,391.6,374.0,375.7,YES,ST,FO6,NG,579.0,
R1355,"Helix Ravenswood, LLC",Ravenswood ST 03,J,23535,Queens,081,36,1965-06-01,"1,027.0",986.8,986.8,975.0,976.2,YES,ST,FO6,NG,797.2,
R1356,Howard Wind LLC,Howard Wind,C,323690,Howard,101,36,2011-12-01,55.4,57.4,57.4,55.4,55.4,,WT,WND,,125.1,
R1357,Indeck Energy Services of Silver Springs,Indeck-Silver Springs,C,23768,Silver Springs,121,36,1991-04-01,56.6,51.5,66.1,49.5,63.9,YES,CC,NG,FO2,78.3,
R1358,Indeck-Corinth LP,Indeck-Corinth,F,23802,Corinth,091,36,1995-07-01,147.0,131.2,134.0,130.7,135.2,YES,CC,NG,FO2,694.2,
R1359,Indeck-Olean LP,Indeck-Olean,A,23982,Olean,009,36,1993-12-01,90.6,79.4,88.5,76.8,88.0,YES,CC,NG,FO2,126.8,
R1360,Indeck-Oswego LP,Indeck-Oswego,C,23783,Oswego,075,36,1990-05-01,57.4,51.6,66.7,49.8,60.0,YES,CC,NG,FO2,63.9,
R1361,Indeck-Yerkes LP,Indeck-Yerkes,A,23781,Tonawanda,029,36,1990-02-01,59.9,49.7,60.5,48.0,55.7,YES,CC,NG,FO2,60.5,
R1362,"Innovative Energy Systems, Inc.",Chautauqua LFGE,A,323629,Jamestown,013,36,2010-02-12,9.6,0.0,0.0,0.0,0.0,,IC,MTE,,43.5,
R1363,"Innovative Energy Systems, Inc.",Clinton LFGE,D,323618,Morrisonville,019,36,2008-10-01,6.4,6.4,6.4,6.4,6.4,,IC,MTE,,28.8,
R1364,"Innovative Energy Systems, Inc.",Colonie LFGTE,F,323577,Colonie,001,36,2006-03-01,6.4,6.4,6.4,6.4,6.4,,IC,MTE,,33.7,
R1365,"Innovative Energy Systems, Inc.",DANC LFGE,E,323619,Watertown,045,36,2008-09-08,6.4,6.4,6.4,6.4,6.4,,IC,MTE,,33.4,
R1366,"Innovative Energy Systems, Inc.",Fulton LFGE,F,323630,Johnstown,035,36,2010-06-04,3.2,0.0,0.0,0.0,0.0,,IC,MTE,,13.8,
R1367,"Innovative Energy Systems, Inc.",Hyland LFGE,B,323620,Angelica,003,36,2008-09-08,4.8,4.8,4.8,4.8,4.8,,IC,MTE,,36.1,
R1368,"Innovative Energy Systems, Inc.",Steuben County LF,C,323667,Bath,101,36,2012-08-01,3.2,3.2,3.2,3.2,3.2,,IC,MTE,,16.6,
R1369,Jamestown Board of Public Utilities,Jamestown 5,A,1658,Jamestown,013,36,1951-08-01,28.7,23.0,23.0,22.0,21.6,,ST,NG,BIT,0.8,
R1370,Jamestown Board of Public Utilities,Jamestown 6,A,1658,Jamestown,013,36,1968-08-01,25.0,22.4,22.4,19.0,18.8,,ST,NG,BIT,23.7,
R1371,Jamestown Board of Public Utilities,Jamestown 7,A,1659,Jamestown,013,36,2002-01-01,47.3,40.0,40.0,40.9,46.2,,GT,NG,,109.8,
R1372,Jericho Rise Wind Farm LLC,Jericho Rise Wind Farm,D,323719,Chateaugay,033,36,2016-12-01,77.7,77.7,77.7,77.7,77.7,,WT,WND,,226.1,
R1373,"LI Energy Storage System, LLC",East Hampton Battery Storage,K,5066,East Hampton,103,36,2018-08-01,5.0,5.0,5.0,0.0,0.0,,ES,BAT,,, (N)
R1374,"LI Energy Storage System, LLC",Montauk Battery Storage,K,5068,Montauk,103,36,2018-10-01,5.0,5.0,5.0,0.0,0.0,,ES,BAT,,, (N)
R1375,Long Island Power Authority,Babylon (RR),K,323704,Babylon,103,36,1989-04-01,17.0,15.5,15.5,14.6,14.6,,ST,REF,,112.1,
R1376,Long Island Power Authority,Barrett 03,K,23706,Island Park,059,36,1970-06-01,18.0,17.9,23.4,16.1,19.9,YES,GT,NG,FO2,6.5,
R1377,Long Island Power Authority,Barrett 04,K,23707,Island Park,059,36,1970-07-01,18.0,17.7,23.1,17.8,20.8,YES,GT,NG,FO2,9.3,
R1378,Long Island Power Authority,Barrett 05,K,23708,Island Park,059,36,1970-07-01,18.0,17.8,23.3,18.4,20.1,YES,GT,NG,FO2,7.0,
R1379,Long Island Power Authority,Barrett 06,K,23709,Island Park,059,36,1970-07-01,18.0,17.8,23.3,17.0,19.4,YES,GT,NG,FO2,4.6,
R1380,Long Island Power Authority,Barrett 08,K,23711,Island Park,059,36,1970-07-01,18.0,17.3,22.6,17.6,20.2,YES,GT,NG,FO2,4.6,
R1381,Long Island Power Authority,Barrett 09,K,23700,Island Park,059,36,1971-06-01,41.8,43.4,55.2,40.6,48.6,YES,JE,NG,FO2,23.0,
R1382,Long Island Power Authority,Barrett 10,K,23701,Island Park,059,36,1971-06-01,41.8,42.7,54.3,41.1,52.2,YES,JE,NG,FO2,16.7,
R1383,Long Island Power Authority,Barrett 11,K,23702,Island Park,059,36,1971-06-01,41.8,43.3,55.1,40.6,49.3,YES,JE,NG,FO2,38.6,
R1384,Long Island Power Authority,Barrett 12,K,23703,Island Park,059,36,1971-06-01,41.8,44.0,56.0,40.1,49.4,YES,JE,NG,FO2,30.0,
R1385,Long Island Power Authority,Barrett GT 01,K,23704,Island Park,059,36,1970-06-01,18.0,18.1,23.6,18.4,20.1,YES,GT,NG,FO2,3.9,
R1386,Long Island Power Authority,Barrett GT 02,K,23705,Island Park,059,36,1970-06-01,18.0,17.4,22.7,17.0,19.3,YES,GT,NG,FO2,3.9,
R1387,Long Island Power Authority,Barrett ST 01,K,23545,Island Park,059,36,1956-11-01,188.0,200.2,200.2,197.2,197.2,YES,ST,NG,FO6,566.9,
R1388,Long Island Power Authority,Barrett ST 02,K,23546,Island Park,059,36,1963-10-01,188.0,197.5,197.5,187.7,193.0,YES,ST,NG,FO6,721.4,
R1389,Long Island Power Authority,Bethpage 3,K,323564,Hicksville,059,36,2005-05-01,96.0,79.9,91.4,76.5,77.9,,CC,NG,,121.8,
R1390,Long Island Power Authority,Caithness_CC_1,K,323624,Brookhaven,103,36,2009-08-01,375.0,315.6,389.8,325.9,362.3,YES,CC,NG,FO2,"2,478.2",
R1391,Long Island Power Authority,East Hampton 2,K,23722,E Hampton,103,36,1962-12-01,2.0,2.0,2.0,2.0,2.0,,IC,FO2,,0.7,
R1392,Long Island Power Authority,East Hampton 3,K,23722,E Hampton,103,36,1962-12-01,2.0,2.0,2.0,2.0,2.0,,IC,FO2,,0.7,
R1393,Long Island Power Authority,East Hampton 4,K,23722,E Hampton,103,36,1962-12-01,2.0,2.0,2.0,2.0,2.0,,IC,FO2,,0.7,
R1394,Long Island Power Authority,East Hampton GT 01,K,23717,E Hampton,103,36,1970-12-01,21.3,19.2,24.4,18.4,23.4,,JE,FO2,,11.7,
R1395,Long Island Power Authority,Far Rockaway GT1,K,24212,Far Rockaway,081,36,2002-07-01,60.5,53.5,73.1,55.1,58.6,,JE,NG,,140.8,
R1396,Long Island Power Authority,Far Rockaway GT2,K,23815,Jamaica Bay,081,36,2003-07-02,60.5,55.4,75.7,54.4,54.4,,JE,KER,,9.5,
R1397,Long Island Power Authority,Glenwood GT 01,K,23712,Glenwood,059,36,1967-04-01,16.0,14.6,19.1,11.6,13.5,,GT,FO2,,0.0,
R1398,Long Island Power Authority,Glenwood GT 02,K,23688,Glenwood,059,36,1972-06-01,55.0,52.7,68.8,51.4,61.7,,GT,FO2,,2.1,
R1399,Long Island Power Authority,Glenwood GT 03,K,23689,Glenwood,059,36,1972-06-01,55.0,54.7,71.5,52.9,68.0,,GT,FO2,,2.5,
R1400,Long Island Power Authority,Glenwood GT 04,K,24219,Glenwood,059,36,2002-06-01,53.0,42.3,50.0,42.6,46.6,YES,GT,NG,FO2,35.7,
R1401,Long Island Power Authority,Glenwood GT 05,K,24220,Glenwood,059,36,2002-06-01,53.0,42.0,49.6,42.5,44.4,YES,GT,NG,FO2,50.7,
R1402,Long Island Power Authority,Greenport GT1,K,23814,Greenport,103,36,2003-07-02,54.0,51.9,52.4,53.4,56.1,,JE,FO2,,24.1,
R1403,Long Island Power Authority,Hempstead (RR),K,23647,Hempstead,059,36,1989-10-01,78.6,73.7,73.7,72.8,74.7,,ST,REF,,594.1,
R1404,Long Island Power Authority,Holtsville 01,K,23690,Holtsville,103,36,1974-07-01,56.7,56.7,72.1,55.5,65.1,,JE,FO2,,2.0,
R1405,Long Island Power Authority,Holtsville 02,K,23691,Holtsville,103,36,1974-07-01,56.7,55.3,70.3,54.3,63.1,,JE,FO2,,1.2,
R1406,Long Island Power Authority,Holtsville 03,K,23692,Holtsville,103,36,1974-07-01,56.7,52.1,66.3,52.6,61.7,,JE,FO2,,0.9,
R1407,Long Island Power Authority,Holtsville 04,K,23693,Holtsville,103,36,1974-07-01,56.7,52.7,67.0,51.2,63.8,,JE,FO2,,2.7,
R1408,Long Island Power Authority,Holtsville 05,K,23694,Holtsville,103,36,1974-07-01,56.7,55.3,70.3,53.8,63.3,,JE,FO2,,1.8,
R1409,Long Island Power Authority,Holtsville 06,K,23695,Holtsville,103,36,1975-07-01,56.7,53.0,67.4,51.9,61.6,,JE,FO2,,12.6,
R1410,Long Island Power Authority,Holtsville 07,K,23696,Holtsville,103,36,1975-07-01,56.7,55.1,70.1,52.1,63.6,,JE,FO2,,4.4,
R1411,Long Island Power Authority,Holtsville 08,K,23697,Holtsville,103,36,1975-07-01,56.7,57.4,73.0,53.0,64.0,,JE,FO2,,5.7,
R1412,Long Island Power Authority,Holtsville 09,K,23698,Holtsville,103,36,1975-07-01,56.7,57.5,73.1,53.0,68.1,,JE,FO2,,4.0,
R1413,Long Island Power Authority,Holtsville 10,K,23699,Holtsville,103,36,1975-07-01,56.7,55.1,70.1,53.8,65.1,,JE,FO2,,7.8,
R1414,Long Island Power Authority,Huntington (RR),K,323705,Huntington,103,36,1991-12-01,28.0,24.7,24.7,24.0,24.1,,ST,REF,,188.8,
R1415,Long Island Power Authority,Islip (RR),K,323679,Ronkonkoma,103,36,1990-03-01,12.5,11.2,11.2,8.3,8.5,,ST,REF,,55.7,
R1416,Long Island Power Authority,Long Island Solar Farm,K,323691,Upton,103,36,2011-11-01,31.5,31.5,31.5,31.5,31.5,,PV,SUN,,48.8,
R1417,Long Island Power Authority,Northport 1,K,23551,Northport,103,36,1967-07-01,387.0,395.0,395.0,397.2,395.0,YES,ST,NG,FO6,340.3,
R1418,Long Island Power Authority,Northport 2,K,23552,Northport,103,36,1968-06-01,387.0,396.0,396.0,399.7,397.5,YES,ST,NG,FO6,665.4,
R1419,Long Island Power Authority,Northport 3,K,23553,Northport,103,36,1972-07-01,387.0,399.2,399.2,397.7,395.0,YES,ST,NG,FO6,932.1,
R1420,Long Island Power Authority,Northport 4,K,23650,Northport,103,36,1977-12-01,387.0,399.2,399.2,380.0,373.7,YES,ST,NG,FO6,746.1,
R1421,Long Island Power Authority,Northport GT,K,23718,Northport,103,36,1967-03-01,16.0,13.8,18.0,12.1,11.8,,GT,FO2,,0.1,
R1422,Long Island Power Authority,Oceanside (LF),K,5008,Oceanside,059,36,1991-02-01,2.1,1.1,1.1,0.0,0.0,,IC,MTE,,0.0,
R1423,Long Island Power Authority,Oyster Bay (LF),K,5009,Bethpage,059,36,1986-07-01,1.3,0.0,0.0,0.0,0.0,,IC,MTE,,0.0,
R1424,Long Island Power Authority,Pilgrim GT1,K,24216,Brentwood,103,36,2002-08-01,50.0,45.6,45.6,43.0,46.1,,GT,NG,,54.7,
R1425,Long Island Power Authority,Pilgrim GT2,K,24217,Brentwood,103,36,2002-08-01,50.0,46.2,46.2,42.2,46.6,,GT,NG,,53.7,
R1426,Long Island Power Authority,Pinelawn Power 1,K,323563,Babylon,103,36,2005-06-01,82.0,78.0,78.0,75.5,77.9,YES,CC,NG,KER,162.2,
R1427,Long Island Power Authority,Port Jefferson 3,K,23555,Port Jefferson,103,36,1958-11-01,188.0,194.5,194.5,189.0,195.0,YES,ST,FO6,NG,172.7,
R1428,Long Island Power Authority,Port Jefferson 4,K,23616,Port Jefferson,103,36,1960-11-01,188.0,198.7,198.7,189.5,191.7,YES,ST,FO6,NG,155.2,
R1429,Long Island Power Authority,Port Jefferson GT 01,K,23713,Port Jefferson,103,36,1966-12-01,16.0,14.1,18.4,12.2,15.7,,GT,FO2,,-0.1,
R1430,Long Island Power Authority,Port Jefferson GT 02,K,24210,Port Jefferson,103,36,2002-07-01,53.0,44.0,52.0,41.9,46.6,YES,GT,NG,FO2,23.9,
R1431,Long Island Power Authority,Port Jefferson GT 03,K,24211,Port Jefferson,103,36,2002-07-01,53.0,43.1,50.9,39.1,45.4,YES,GT,NG,FO2,30.9,
R1432,Long Island Power Authority,S Hampton 1,K,23720,South Hampton,103,36,1963-03-01,11.5,10.3,13.5,8.8,11.9,,GT,FO2,,1.5,
R1433,Long Island Power Authority,Shoreham 1,K,23715,Shoreham,103,36,1971-07-01,52.9,48.9,63.9,0.0,64.5,,GT,FO2,,1.8,
R1434,Long Island Power Authority,Shoreham 2,K,23716,Shoreham,103,36,1984-04-01,18.6,18.5,23.5,16.6,22.1,,JE,FO2,,0.6,
R1435,Long Island Power Authority,Shoreham GT3,K,24213,Shoreham,103,36,2002-08-01,50.0,45.4,45.4,43.2,46.7,,GT,FO2,,4.1,
R1436,Long Island Power Authority,Shoreham GT4,K,24214,Shoreham,103,36,2002-08-01,50.0,43.9,43.9,42.8,45.6,,GT,FO2,,4.0,
R1437,Long Island Power Authority,Smithtown (LF),K,5010,Smithtown,103,36,1985-12-01,1.1,0.0,0.0,0.0,0.0,,IC,MTE,,0.0,
R1438,Long Island Power Authority,South Oaks Hosp,K,5011,Amityville,103,36,1990-06-01,1.0,0.0,0.0,0.0,0.0,,IC,NG,,0.0,
R1439,Long Island Power Authority,Southold 1,K,23719,Southold,103,36,1964-08-01,14.0,12.3,16.1,10.0,13.1,,GT,FO2,,1.8,
R1440,Long Island Power Authority,Wading River 1,K,23522,Shoreham,103,36,1989-08-01,79.5,81.2,106.1,78.1,99.9,,GT,FO2,,4.2,
R1441,Long Island Power Authority,Wading River 2,K,23547,Shoreham,103,36,1989-08-01,79.5,81.3,106.2,75.8,98.0,,GT,FO2,,1.3,
R1442,Long Island Power Authority,Wading River 3,K,23601,Shoreham,103,36,1989-08-01,79.5,81.3,106.2,78.6,99.4,,GT,FO2,,7.4,
R1443,Long Island Power Authority,West Babylon 4,K,23714,West Babylon,103,36,1971-08-01,52.4,49.0,64.0,48.9,64.8,,GT,FO2,,1.9,
R1444,Long Island Power Authority,Yaphank (LF),K,5012,Yaphank,103,36,1983-09-01,1.6,1.5,1.5,0.0,0.0,,IC,MTE,,0.0,
R1445,"Lyonsdale Biomass, LLC",Lyonsdale  (IIFO - 4/1/18),E,23803,Lyonsdale,049,36,1992-08-01,21.1,20.2,20.2,0.0,0.0,,ST,WD,,0.0, (12) (I)
R1446,"Madison Windpower, LLC",Madison Wind Power,E,24146,Madison,053,36,2000-09-01,11.6,11.5,11.5,11.6,11.6,,WT,WND,,18.7,
R1447,Marble River LLC,Marble River Wind,D,323696,Ellenburg,019,36,2012-07-01,215.2,215.2,215.2,215.2,215.2,,WT,WND,,488.9,
R1448,Marsh Hill Energy LLC,Marsh Hill Wind Farm,C,323713,Jasper,101,36,2014-12-01,16.2,0.0,0.0,0.0,0.0,,WT,WND,,46.4,
R1449,Model City Energy LLC,Model City Energy,A,24167,Lewiston,063,36,2001-06-01,5.6,5.6,5.6,5.6,5.6,,IC,MTE,,39.5,
R1450,"Modern Innovative Energy, LLC",Modern LF,A,323580,Lewiston,063,36,2006-02-01,6.4,6.4,6.4,6.4,6.4,,IC,MTE,,19.9,
R1451,"New Athens Generating Company, LLC",Athens 1,F,23668,Athens,039,36,2004-05-01,441.0,316.6,399.9,331.0,395.1,YES,CC,NG,FO2,"1,450.1",
R1452,"New Athens Generating Company, LLC",Athens 2,F,23670,Athens,039,36,2004-05-01,441.0,315.6,398.6,328.8,399.0,YES,CC,NG,FO2,879.8,
R1453,"New Athens Generating Company, LLC",Athens 3,F,23677,Athens,039,36,2004-05-01,441.0,312.8,395.1,329.0,395.0,YES,CC,NG,FO2,"1,292.1",
R1454,New York Power Authority,Ashokan 1,G,23654,Ashokan,111,36,1982-11-01,2.3,1.8,1.8,2.3,2.3,,HY,WAT,,4.6,
R1455,New York Power Authority,Ashokan 2,G,23654,Ashokan,111,36,1982-11-01,2.3,1.8,1.8,2.3,2.3,,HY,WAT,,8.1,
R1456,New York Power Authority,Astoria CC 1,J,323568,Queens,081,36,2006-01-01,288.0,246.2,270.2,235.4,260.0,YES,CC,NG,FO2,"2,140.4", (G)
R1457,New York Power Authority,Astoria CC 2,J,323569,Queens,081,36,2006-01-01,288.0,246.2,270.2,235.4,260.0,YES,CC,NG,FO2,,
R1458,New York Power Authority,Gilboa 1 (IIFO - 1/1/2019),F,23756,Gilboa NY,095,36,1973-07-01,290.0,290.7,290.7,293.7,292.5,,PS,WAT,,38.7, (13) (I)
R1459,New York Power Authority,Gilboa 2,F,23757,Gilboa NY,095,36,1973-07-01,290.0,291.2,291.2,292.3,291.7,,PS,WAT,,216.8,
R1460,New York Power Authority,Gilboa 3,F,23758,Gilboa NY,095,36,1973-07-01,290.0,291.7,291.7,292.3,291.9,,PS,WAT,,13.1,
R1461,New York Power Authority,Gilboa 4,F,23759,Gilboa NY,095,36,1973-07-01,290.0,291.5,291.5,293.0,292.6,,PS,WAT,,138.2,
R1462,New York Power Authority,Brentwood,K,24164,Brentwood,103,36,2001-08-01,47.0,47.1,47.1,43.8,46.3,,GT,NG,,60.7,
R1463,New York Power Authority,Crescent 1,F,24018,Crescent,001,36,1991-07-01,2.8,3.2,3.2,2.8,2.8,,HY,WAT,,15.6,
R1464,New York Power Authority,Crescent 2,F,24018,Crescent,001,36,1991-07-01,2.8,3.2,3.2,2.8,2.8,,HY,WAT,,16.0,
R1465,New York Power Authority,Crescent 3,F,24018,Crescent,001,36,1991-07-01,3.0,3.2,3.2,3.0,3.0,,HY,WAT,,19.4,
R1466,New York Power Authority,Crescent 4,F,24018,Crescent,001,36,1991-07-01,3.0,3.2,3.2,3.0,3.0,,HY,WAT,,18.4,
R1467,New York Power Authority,Flynn,K,23794,Holtsville,103,36,1994-05-01,170.0,135.5,168.4,138.6,162.7,YES,CC,NG,FO2,636.1,
R1468,New York Power Authority,Gowanus 5,J,24156,Brooklyn,047,36,2001-08-01,47.0,45.4,45.4,40.0,40.0,,GT,NG,,71.7,
R1469,New York Power Authority,Gowanus 6,J,24157,Brooklyn,047,36,2001-08-01,47.0,46.1,46.1,39.9,39.9,,GT,NG,,48.9,
R1470,New York Power Authority,Grahamsville,G,23607,Grahamsville,105,36,1956-12-01,18.0,16.3,16.3,18.0,18.0,,HY,WAT,,95.3,
R1471,New York Power Authority,Greenport IC 4,K,1652,Greenport,103,36,1957-06-06,1.2,1.7,1.7,0.9,1.1,,IC,FO2,,0.0,
R1472,New York Power Authority,Greenport IC 5,K,1652,Greenport,103,36,1965-07-08,1.8,1.7,1.7,1.4,1.6,,IC,FO2,,0.0,
R1473,New York Power Authority,Greenport IC 6,K,1652,Greenport,103,36,1971-09-17,3.8,2.7,2.7,3.0,2.6,,IC,FO2,,0.0,
R1474,New York Power Authority,Harlem River 1,J,24160,Bronx,005,36,2001-08-01,47.0,46.0,46.0,39.9,39.9,,GT,NG,,26.4,
R1475,New York Power Authority,Harlem River 2,J,24161,Bronx,005,36,2001-08-01,47.0,45.2,45.2,40.0,40.0,,GT,NG,,15.1,
R1476,New York Power Authority,Hellgate 1,J,24158,Bronx,005,36,2001-08-01,47.0,45.0,45.0,39.9,39.9,,GT,NG,,26.2,
R1477,New York Power Authority,Hellgate 2,J,24159,Bronx,005,36,2001-08-01,47.0,45.0,45.0,40.0,40.0,,GT,NG,,14.0,
R1478,New York Power Authority,Jarvis 1,E,23743,Hinckley,065,36,1991-07-01,4.5,4.5,4.5,4.5,4.5,,HY,WAT,,6.0,
R1479,New York Power Authority,Jarvis 2,E,23743,Hinckley,065,36,1991-07-01,4.5,4.5,4.5,4.5,4.5,,HY,WAT,,23.2,
R1480,New York Power Authority,Kent,J,24152,Brooklyn,047,36,2001-08-01,47.0,46.9,46.9,45.9,46.6,,GT,NG,,53.5,
R1481,New York Power Authority,Lewiston PS (Fleet),A,23760,Niagara Falls,063,36,1961-01-01,240.0,240.0,240.0,240.0,240.0,,PS,WAT,,404.0,
R1482,New York Power Authority,Moses Niagara (Fleet),A,23760,Niagara Falls,063,36,1961-01-01,"2,860.0","2,460.0","2,460.0","2,435.0","2,435.0",,HY,WAT,,"16,142.8",
R1483,New York Power Authority,Neversink,G,23608,Grahamsville,105,36,1953-12-01,25.0,22.0,22.0,25.0,25.0,,HY,WAT,,7.3,
R1484,New York Power Authority,Pouch,J,24155,Staten Island,085,36,2001-08-01,47.0,47.1,47.1,45.6,46.0,,GT,NG,,59.9,
R1485,New York Power Authority,St Lawrence - FDR (Fleet),D,23600,Massena,089,36,1958-07-01,"1,088.0",856.0,856.0,856.0,827.0,,HY,WAT,,"7,661.2",
R1486,New York Power Authority,Vernon Blvd 2,J,24162,Queens,081,36,2001-08-01,47.0,46.2,46.2,40.0,40.0,,GT,NG,,40.4,
R1487,New York Power Authority,Vernon Blvd 3,J,24163,Queens,081,36,2001-08-01,47.0,43.8,43.8,39.9,39.9,,GT,NG,,23.7,
R1488,New York Power Authority,Vischer Ferry 1,F,24020,Vischer Ferry,091,36,1991-07-01,2.8,3.2,3.2,2.8,2.9,,HY,WAT,,12.7,
R1489,New York Power Authority,Vischer Ferry 2,F,24020,Vischer Ferry,091,36,1991-07-01,2.8,3.2,3.2,2.8,2.9,,HY,WAT,,14.4,
R1490,New York Power Authority,Vischer Ferry 3,F,24020,Vischer Ferry,091,36,1991-07-01,3.0,3.2,3.2,3.0,2.9,,HY,WAT,,18.0,
R1491,New York Power Authority,Vischer Ferry 4,F,24020,Vischer Ferry,091,36,1991-07-01,3.0,3.2,3.2,3.0,2.9,,HY,WAT,,19.4,
R1492,New York State Elec. & Gas Corp.,AA Dairy,C,5013,Ithaca,109,36,1998-06-01,0.1,0.0,0.0,0.0,0.0,,IC,MTE,,0.0,
R1493,New York State Elec. & Gas Corp.,Alice Falls 1,D,23915,Ausable,019,36,1991-11-01,1.5,1.6,1.6,0.0,0.0,,HY,WAT,,0.0,
R1494,New York State Elec. & Gas Corp.,Alice Falls 2,D,23915,Ausable,019,36,1991-11-01,0.6,0.6,0.6,0.0,0.0,,HY,WAT,,0.0,
R1495,New York State Elec. & Gas Corp.,Allegheny 8,C,23528,Kittanning PA,005,42,1990-10-01,16.0,14.7,14.7,16.0,16.0,,HY,WAT,,95.2,
R1496,New York State Elec. & Gas Corp.,Allegheny 9,C,23528,Kittanning PA,005,42,1990-10-01,22.0,20.2,20.2,22.0,22.0,,HY,WAT,,116.3,
R1497,New York State Elec. & Gas Corp.,Auburn - Mill St.,C,5014,Auburn,011,36,1981-10-01,0.4,0.0,0.0,0.0,0.0,,HY,WAT,,0.0,
R1498,New York State Elec. & Gas Corp.,Auburn - No. Div.St,C,5015,Auburn,011,36,1992-12-01,0.8,0.0,0.0,0.0,0.0,,HY,WAT,,0.0,
R1499,New York State Elec. & Gas Corp.,Auburn - State St.,C,24147,Auburn,011,36,1995-01-01,7.4,5.8,8.2,1.7,7.3,,GT,NG,,0.0,
R1500,New York State Elec. & Gas Corp.,Broome LFGE,C,323600,Binghamton,007,36,2007-09-01,2.4,2.1,2.1,2.1,2.1,,IC,MTE,,6.3,
R1501,New York State Elec. & Gas Corp.,Cadyville 1,D,23628,Schuyler Falls,019,36,1921-08-01,1.2,1.0,1.0,1.2,1.2,,HY,WAT,,0.0,
R1502,New York State Elec. & Gas Corp.,Cadyville 2,D,23628,Schuyler Falls,019,36,1921-08-01,1.2,1.0,1.0,1.2,1.2,,HY,WAT,,6.2,
R1503,New York State Elec. & Gas Corp.,Cadyville 3,D,23628,Schuyler Falls,019,36,1986-09-01,3.1,2.7,2.7,3.1,3.1,,HY,WAT,,18.4,
R1504,New York State Elec. & Gas Corp.,Chasm Falls Hydro,D,5016,Chateaugay,033,36,1982-03-01,1.6,0.0,0.0,0.0,0.0,,HY,WAT,,0.0,
R1505,New York State Elec. & Gas Corp.,Croton Falls Hydro,I,5017,North Salem,119,36,1987-01-01,0.2,0.0,0.0,0.0,0.0,,HY,WAT,,0.0,
R1506,New York State Elec. & Gas Corp.,Harris Lake,D,5018,Newcomb,031,36,1967-08-01,1.7,0.0,0.0,0.0,0.0,,IC,FO2,,0.0,
R1507,New York State Elec. & Gas Corp.,High Falls  1,D,23628,Saranac,019,36,1948-08-01,4.0,4.3,4.3,4.0,4.0,,HY,WAT,,36.7,
R1508,New York State Elec. & Gas Corp.,High Falls  2,D,23628,Saranac,019,36,1949-08-01,4.0,4.3,4.3,4.0,4.0,,HY,WAT,,14.0,
R1509,New York State Elec. & Gas Corp.,High Falls  3,D,23628,Saranac,019,36,1956-08-01,7.0,8.2,8.2,7.0,7.0,,HY,WAT,,0.0,
R1510,New York State Elec. & Gas Corp.,Kent Falls 1,D,23628,Schuyler Falls,019,36,1928-08-01,3.6,3.0,3.0,3.6,3.6,,HY,WAT,,16.6,
R1511,New York State Elec. & Gas Corp.,Kent Falls 2,D,23628,Schuyler Falls,019,36,1928-08-01,3.6,3.0,3.0,3.6,3.6,,HY,WAT,,0.0,
R1512,New York State Elec. & Gas Corp.,Kent Falls 3,D,23628,Schuyler Falls,019,36,1985-07-01,6.4,6.0,6.0,6.4,6.4,,HY,WAT,,41.2,
R1513,New York State Elec. & Gas Corp.,Lower Saranac 1,D,23913,Schuyler Falls,019,36,1990-10-01,3.2,3.5,3.5,0.0,0.0,,HY,WAT,,0.0,
R1514,New York State Elec. & Gas Corp.,Lower Saranac 2,D,23913,Schuyler Falls,019,36,1990-10-01,3.2,3.5,3.5,0.0,0.0,,HY,WAT,,0.0,
R1515,New York State Elec. & Gas Corp.,Lower Saranac 3,D,23913,Schuyler Falls,019,36,1990-10-01,0.3,2.9,2.9,0.0,0.0,,HY,WAT,,0.0,
R1516,New York State Elec. & Gas Corp.,Mechanicville 1,F,23645,Stillwater,091,36,1983-09-01,9.2,10.0,10.0,9.2,9.3,,HY,WAT,,33.7,
R1517,New York State Elec. & Gas Corp.,Mechanicville 2,F,23645,Stillwater,091,36,1983-09-01,9.3,10.0,10.0,9.3,9.3,,HY,WAT,,35.9,
R1518,New York State Elec. & Gas Corp.,Mill C 1,D,23628,Plattsburgh,019,36,1944-08-01,1.0,0.9,0.9,1.0,1.0,,HY,WAT,,3.2,
R1519,New York State Elec. & Gas Corp.,Mill C 2,D,23628,Plattsburgh,019,36,1943-08-01,1.2,1.2,1.2,1.2,1.2,,HY,WAT,,4.7,
R1520,New York State Elec. & Gas Corp.,Mill C 3,D,23628,Plattsburgh,019,36,1984-11-01,3.8,3.7,3.7,3.8,3.8,,HY,WAT,,19.1,
R1521,New York State Elec. & Gas Corp.,Montville Falls,C,5019,Moravia,011,36,1992-08-01,0.2,0.0,0.0,0.0,0.0,,HY,WAT,,0.0,
R1522,New York State Elec. & Gas Corp.,Rainbow Falls 1,D,23628,Ausable,019,36,1926-08-01,1.3,1.5,1.5,1.3,1.3,,HY,WAT,,0.0,
R1523,New York State Elec. & Gas Corp.,Rainbow Falls 2,D,23628,Ausable,019,36,1927-08-01,1.3,1.5,1.5,1.3,1.3,,HY,WAT,,0.0,
R1524,New York State Elec. & Gas Corp.,Waterloo 2,C,5020,Waterloo,099,36,1998-06-01,0.5,0.0,0.0,0.0,0.0,,HY,WAT,,0.0,
R1525,New York State Elec. & Gas Corp.,Waterloo 3,C,5021,Waterloo,099,36,1998-06-01,0.5,0.0,0.0,0.0,0.0,,HY,WAT,,0.0,
R1526,New York State Elec. & Gas Corp.,Waterloo 4,C,5022,Waterloo,099,36,1998-06-01,0.5,0.0,0.0,0.0,0.0,,HY,WAT,,0.0,
R1527,Niagara Mohawk Power Corp.,Boralex - Hudson Falls,F,24011,Hudson Falls,115,36,1995-10-01,44.0,43.7,43.7,0.0,0.0,,HY,WAT,,201.6,
R1528,Niagara Mohawk Power Corp.,Boralex - South Glens Falls,F,24028,Moreau,091,36,1994-12-01,13.8,14.8,14.8,0.0,0.0,,HY,WAT,,76.9,
R1529,Niagara Mohawk Power Corp.,CHI-LaChute,F,1654,Ticonderoga,031,36,1987-12-01,9.0,8.9,8.9,0.0,0.0,,HY,WAT,,30.2,
R1530,Niagara Mohawk Power Corp.,Fortis - Dolgeville,E,23807,Dolgeville,043,36,1985-07-01,5.0,6.3,6.3,0.0,0.0,,HY,WAT,,1.2,
R1531,Niagara Mohawk Power Corp.,Fortis Energy -  Philadelphia,E,1656,Philadelphia,045,36,1986-08-01,3.6,3.2,3.2,0.0,0.0,,HY,WAT,,10.2,
R1532,Niagara Mohawk Power Corp.,Fortis Energy - Moose River,E,24016,Lyonsdale,049,36,1987-09-01,12.6,12.0,12.0,0.0,0.0,,HY,WAT,,47.4,
R1533,Niagara Mohawk Power Corp.,General Mills Inc,A,23808,Buffalo,029,36,1988-12-01,3.8,3.8,3.8,0.0,0.0,,GT,NG,,1.6,
R1534,Niagara Mohawk Power Corp.,International Paper - Curtis,F,1655,Corinth,091,36,1986-01-01,9.8,30.8,30.8,0.0,0.0,,HY,WAT,,320.9, (G)
R1535,Niagara Mohawk Power Corp.,International Paper - Palmer,F,1655,Corinth,091,36,1986-01-01,49.2,30.8,30.8,0.0,0.0,,HY,WAT,,,
R1536,Niagara Mohawk Power Corp.,Little Falls Hydro,E,24013,Little Falls,043,36,1987-01-01,13.0,12.6,12.6,0.0,0.0,,HY,WAT,,57.9,
R1537,Niagara Mohawk Power Corp.,Onondaga County,C,23987,North Syracuse,067,36,1994-12-01,39.5,32.6,32.6,0.0,0.0,,ST,REF,,216.8,
R1538,Niagara Mohawk Power Corp.,Pyrites Assoc.,E,24023,Canton,089,36,1985-12-01,8.2,7.5,7.5,0.0,0.0,,HY,WAT,,23.5,
R1539,Niagara Mohawk Power Corp.,Adams Hydro,E,23633,Adams,045,36,1987-11-01,0.2,0.0,0.0,0.0,0.0,,HY,WAT,,0.0,
R1540,Niagara Mohawk Power Corp.,Algon.-Herkimer,E,23633,Herkimer,043,36,1987-12-01,1.6,0.0,0.0,0.0,0.0,,HY,WAT,,0.0,
R1541,Niagara Mohawk Power Corp.,Algon.-Otter Creek,E,23633,Greig,049,36,1986-11-01,0.5,0.0,0.0,0.0,0.0,,HY,WAT,,0.0,
R1542,Niagara Mohawk Power Corp.,Allied Frozen Storage,A,23774,Cheektowaga,029,36,2008-05-01,0.1,0.0,0.0,0.0,0.0,,IC,NG,,0.1,
R1543,Niagara Mohawk Power Corp.,Azure Mountain,D,24055,St. Regis Falls,033,36,1993-08-01,0.6,0.0,0.0,0.0,0.0,,HY,WAT,,2.4,
R1544,Niagara Mohawk Power Corp.,Beaver Falls #1,E,23633,Beaver Falls,049,36,1986-01-01,1.5,0.0,0.0,0.0,0.0,,HY,WAT,,9.1,
R1545,Niagara Mohawk Power Corp.,Beaver Falls #2,E,23633,Beaver Falls,049,36,1986-01-01,1.0,0.0,0.0,0.0,0.0,,HY,WAT,,4.7,
R1546,Niagara Mohawk Power Corp.,Bellows Towers,D,24055,Malone,033,36,1987-06-01,0.2,0.0,0.0,0.0,0.0,,HY,WAT,,0.0,
R1547,Niagara Mohawk Power Corp.,Black River Hyd#1 - Rock Isl.,E,23633,Port Leyden,049,36,1984-07-01,1.9,0.0,0.0,0.0,0.0,,HY,WAT,,4.8,
R1548,Niagara Mohawk Power Corp.,Black River Hyd#2 - Denley,E,23633,Port Leyden,049,36,1985-12-01,1.6,0.0,0.0,0.0,0.0,,HY,WAT,,1.3,
R1549,Niagara Mohawk Power Corp.,Black River Hyd#3 - Pt. Leyden,E,23633,Port Leyden,049,36,1984-07-01,2.2,0.0,0.0,0.0,0.0,,HY,WAT,,16.0,
R1550,Niagara Mohawk Power Corp.,Boralex - Middle Falls,F,23643,Easton,115,36,1989-12-01,2.2,0.0,0.0,0.0,0.0,,HY,WAT,,12.5,
R1551,Niagara Mohawk Power Corp.,"Burrstone Engy Center, LLC LU",E,23633,Utica,065,36,2009-11-01,1.1,0.0,0.0,0.0,0.0,,IC,NG,,0.9,
R1552,Niagara Mohawk Power Corp.,"Burrstone Engy Center, LLC U",E,23633,Utica,065,36,2009-11-01,2.2,0.0,0.0,0.0,0.0,,IC,NG,,0.1,
R1553,Niagara Mohawk Power Corp.,Burt Dam Hydro,A,23774,Burt,063,36,1987-12-01,0.6,0.0,0.0,0.0,0.0,,HY,WAT,,0.5,
R1554,Niagara Mohawk Power Corp.,C.H.I. (Dexter) Hydro,E,23633,Dexter,045,36,1988-01-01,4.2,0.0,0.0,0.0,0.0,,HY,WAT,,18.8,
R1555,Niagara Mohawk Power Corp.,C.H.I. (Diamond Is),E,23633,Watertown,045,36,1986-01-01,1.2,0.0,0.0,0.0,0.0,,HY,WAT,,5.1,
R1556,Niagara Mohawk Power Corp.,C.H.I. (Fowler),E,23633,Fowler,049,36,1986-01-01,0.6,0.0,0.0,0.0,0.0,,HY,WAT,,4.3,
R1557,Niagara Mohawk Power Corp.,C.H.I. (Hailsboro #3) ,E,23633,Hailsboro,089,36,1986-01-01,0.8,0.0,0.0,0.0,0.0,,HY,WAT,,3.7,
R1558,Niagara Mohawk Power Corp.,C.H.I. (Hailsboro #4),E,23633,Hailsboro,089,36,1986-01-01,1.4,0.0,0.0,0.0,0.0,,HY,WAT,,10.3,
R1559,Niagara Mohawk Power Corp.,C.H.I. (Hailsboro #6),E,23633,Hailsboro,089,36,1986-01-01,0.8,0.0,0.0,0.0,0.0,,HY,WAT,,4.2,
R1560,Niagara Mohawk Power Corp.,C.H.I. (Theresa),E,23633,Theresa,089,36,1986-01-01,1.3,0.0,0.0,0.0,0.0,,HY,WAT,,5.8,
R1561,Niagara Mohawk Power Corp.,Cal Ban Power,A,23774,Allegany,003,36,1995-06-01,0.1,0.0,0.0,0.0,0.0,,IC,NG,,0.0,
R1562,Niagara Mohawk Power Corp.,Cellu-Tissue Corp - Natural Dam,E,23633,Gouverneur,089,36,1986-01-01,1.0,0.0,0.0,0.0,0.0,,HY,WAT,,0.0,
R1563,Niagara Mohawk Power Corp.,Champlain Spinner,F,23643,Whitehall,031,36,1992-07-01,0.4,0.0,0.0,0.0,0.0,,HY,WAT,,0.8,
R1564,Niagara Mohawk Power Corp.,Chittenden Falls,F,23643,Stuyvesant,021,36,1995-12-01,0.6,0.0,0.0,0.0,0.0,,HY,WAT,,0.0,
R1565,Niagara Mohawk Power Corp.,Christine Falls Hydro,F,23643,Wells,041,36,1987-12-01,0.9,0.0,0.0,0.0,0.0,,HY,WAT,,0.0,
R1566,Niagara Mohawk Power Corp.,City of Oswego (High Dam),C,23634,Oswego,075,36,1994-02-01,11.9,0.0,0.0,0.0,0.0,,HY,WAT,,30.5,
R1567,Niagara Mohawk Power Corp.,City of Utica - Sand Road,E,23633,Utica,065,36,1993-05-01,0.2,0.0,0.0,0.0,0.0,,HY,WAT,,1.5,
R1568,Niagara Mohawk Power Corp.,City of Utica -Trenton Falls,E,23633,Utica,065,36,1993-02-01,0.2,0.0,0.0,0.0,0.0,,HY,WAT,,0.7,
R1569,Niagara Mohawk Power Corp.,City of Watertown,E,23633,Watertown,045,36,1986-01-01,8.1,0.0,0.0,0.0,0.0,,HY,WAT,,11.3,
R1570,Niagara Mohawk Power Corp.,City of Watervliet Hydro,F,23643,Guilderland,001,36,1986-01-01,1.5,0.0,0.0,0.0,0.0,,HY,WAT,,2.6,
R1571,Niagara Mohawk Power Corp.,Cons. HY-Victory,F,23643,Victory Falls,091,36,1986-12-01,1.7,0.0,0.0,0.0,0.0,,HY,WAT,,6.6,
R1572,Niagara Mohawk Power Corp.,Copenhagen Assoc.,E,23633,Copenhagen,049,36,1986-01-01,3.3,0.0,0.0,0.0,0.0,,HY,WAT,,7.3,
R1573,Niagara Mohawk Power Corp.,Cottrell Paper,F,23643,Rock City Falls,091,36,1987-01-01,0.3,0.0,0.0,0.0,0.0,,HY,WAT,,0.0,
R1574,Niagara Mohawk Power Corp.,Cranberry Lake,E,23633,Cranberry Lake,049,36,1987-12-01,0.5,0.0,0.0,0.0,0.0,,HY,WAT,,1.6,
R1575,Niagara Mohawk Power Corp.,Edison Hydro Electric,F,23643,Stottville,021,36,2009-11-01,0.3,0.0,0.0,0.0,0.0,,HY,WAT,,0.5,
R1576,Niagara Mohawk Power Corp.,Empire Hydro Partners,E,23633,Port Leyden,049,36,1984-11-01,1.0,0.0,0.0,0.0,0.0,,HY,WAT,,4.8,
R1577,Niagara Mohawk Power Corp.,Finch Paper LLC - Glens Falls,F,23643,Glens Falls,113,36,2009-11-01,11.8,0.0,0.0,0.0,0.0,,HY,WAT,,0.2,
R1578,Niagara Mohawk Power Corp.,Finch Pruyn,F,23643,Glens Falls,113,36,1989-12-01,29.0,0.0,0.0,0.0,0.0,,HY,WAT,,0.0,
R1579,Niagara Mohawk Power Corp.,Forestport Hydro,E,23633,Forestport,065,36,1987-12-01,3.4,0.0,0.0,0.0,0.0,,HY,WAT,,7.2,
R1580,Niagara Mohawk Power Corp.,Fort Miller Assoc (Hudson River),F,23643,Schuylerville,091,36,1985-10-01,5.0,0.0,0.0,0.0,0.0,,HY,WAT,,22.7,
R1581,Niagara Mohawk Power Corp.,Fortis Energy - Diana,E,23633,Diana,049,36,1985-07-01,1.8,0.0,0.0,0.0,0.0,,HY,WAT,,6.6,
R1582,Niagara Mohawk Power Corp.,Franklin Hydro,D,24055,Franklin Falls,033,36,1995-03-01,0.3,0.0,0.0,0.0,0.0,,HY,WAT,,0.0,
R1583,Niagara Mohawk Power Corp.,Gloversville Johnstown WWT,F,23643,Gloversville,035,36,2010-01-01,0.7,0.0,0.0,0.0,0.0,,IC,MTE,,1.2,
R1584,Niagara Mohawk Power Corp.,Green Island Power Authority,F,23643,Green Island,001,36,1971-01-01,6.0,0.0,0.0,0.0,0.0,,HY,WAT,,39.8,
R1585,Niagara Mohawk Power Corp.,Hewittville Hydro,E,23633,Potsdam,089,36,1984-07-01,3.0,0.0,0.0,0.0,0.0,,HY,WAT,,13.2,
R1586,Niagara Mohawk Power Corp.,Hollings&Vose-Center,F,23643,Easton,115,36,1986-01-01,0.4,0.0,0.0,0.0,0.0,,HY,WAT,,0.7,
R1587,Niagara Mohawk Power Corp.,Hollings&Vose-Lower,F,23643,Easton,115,36,1986-01-01,0.4,0.0,0.0,0.0,0.0,,HY,WAT,,0.0,
R1588,Niagara Mohawk Power Corp.,Hollings&Vose-Upper,F,23643,Easton,115,36,1986-01-01,0.4,0.0,0.0,0.0,0.0,,HY,WAT,,0.0,
R1589,Niagara Mohawk Power Corp.,Hollow Dam Power,E,23633,Saint Lawrence,089,36,1987-12-01,1.0,0.0,0.0,0.0,0.0,,HY,WAT,,2.8,
R1590,Niagara Mohawk Power Corp.,Hoosick Falls,F,23643,Hoosick Falls,083,36,1988-08-01,0.6,0.0,0.0,0.0,0.0,,HY,WAT,,0.0,
R1591,Niagara Mohawk Power Corp.,Hydrocarbon-Algny,A,23774,Allegany,003,36,1992-12-01,0.2,0.0,0.0,0.0,0.0,,IC,NG,,0.0,
R1592,Niagara Mohawk Power Corp.,Indian Falls HY,E,23633,Theresa,045,36,1986-01-01,0.3,0.0,0.0,0.0,0.0,,HY,WAT,,0.0,
R1593,Niagara Mohawk Power Corp.,Kayuta Lake,E,23633,Kayuta,065,36,1988-05-01,0.4,0.0,0.0,0.0,0.0,,HY,WAT,,1.4,
R1594,Niagara Mohawk Power Corp.,Kings Falls,E,23633,Copenhagen,049,36,1988-05-01,1.6,0.0,0.0,0.0,0.0,,HY,WAT,,0.0,
R1595,Niagara Mohawk Power Corp.,Laidlaw Energy,A,23774,Ellicottville,009,36,1991-07-01,3.4,0.0,0.0,0.0,0.0,,GT,NG,,0.0,
R1596,Niagara Mohawk Power Corp.,Laidlaw Energy,A,23774,Ellicottville,009,36,1991-07-01,2.4,0.0,0.0,0.0,0.0,,ST,NG,,0.0,
R1597,Niagara Mohawk Power Corp.,Long Falls Hydro,E,23633,Carthage,045,36,1991-06-01,3.3,0.0,0.0,0.0,0.0,,HY,WAT,,4.9,
R1598,Niagara Mohawk Power Corp.,Lyonsdale Assoc. (Burrows),E,23633,Lyons Falls,049,36,1984-07-01,3.0,0.0,0.0,0.0,0.0,,HY,WAT,,8.7,
R1599,Niagara Mohawk Power Corp.,Mechanicville,F,23643,Halfmoon,091,36,2005-03-01,3.8,0.0,0.0,0.0,0.0,,HY,WAT,,21.9,
R1600,Niagara Mohawk Power Corp.,Mount Ida Hydro,F,23643,Troy,083,36,1986-01-01,3.0,0.0,0.0,0.0,0.0,,HY,WAT,,8.9,
R1602,Niagara Mohawk Power Corp.,Mountainaire Massage Spa,F,23643,Wevertown,113,36,2009-11-01,,0.0,0.0,0.0,0.0,,HY,WAT,,0.0,
R1603,Niagara Mohawk Power Corp.,Newport Hydro Assoc.,E,23633,Newport,043,36,1987-12-01,1.7,0.0,0.0,0.0,0.0,,HY,WAT,,5.9,
R1604,Niagara Mohawk Power Corp.,Northbrook Carthage,E,23633,Carthage,045,36,1986-01-01,4.4,0.0,0.0,0.0,0.0,,HY,WAT,,21.4,
R1605,Niagara Mohawk Power Corp.,Nottingham High School,C,23634,Syracuse,067,36,1988-06-01,0.2,0.0,0.0,0.0,0.0,,CG,NG,,0.0,
R1606,Niagara Mohawk Power Corp.,Oakvale Construction ,D,24055,Wilmington,031,36,2009-11-01,0.4,0.0,0.0,0.0,0.0,,HY,WAT,,2.0,
R1607,Niagara Mohawk Power Corp.,Ogdensburg Hydro,E,23633,Ogdensburg,089,36,1987-12-01,3.5,0.0,0.0,0.0,0.0,,HY,WAT,,9.2,
R1608,Niagara Mohawk Power Corp.,Onondaga Energy Partners,C,23634,Onondaga,067,36,1987-12-01,1.4,0.0,0.0,0.0,0.0,,IC,MTE,,0.0,
R1609,Niagara Mohawk Power Corp.,Oswego County,C,23634,Oswego,075,36,1986-03-01,3.6,0.0,0.0,0.0,0.0,,ST,REF,,4.3,
R1610,Niagara Mohawk Power Corp.,Oswego Hydro Partners LP (Phoenix),C,23634,Phoenix,075,36,1990-12-01,3.4,0.0,0.0,0.0,0.0,,HY,WAT,,10.4,
R1611,Niagara Mohawk Power Corp.,Riverrat Glass & Electric,F,23643,Wadhams,031,36,1986-01-01,0.6,0.0,0.0,0.0,0.0,,HY,WAT,,0.0,
R1612,Niagara Mohawk Power Corp.,Sandy Hollow Hydro Assoc.,E,23633,Philadelphia,045,36,1986-09-01,0.6,0.0,0.0,0.0,0.0,,HY,WAT,,0.0,
R1613,Niagara Mohawk Power Corp.,Seneca Limited,C,23634,Syracuse,067,36,1985-12-01,0.2,0.0,0.0,0.0,0.0,,HY,WAT,,0.0,
R1614,Niagara Mohawk Power Corp.,St. Elizabeth Medical Center,E,23633,Utica,065,36,2012-02-01,0.6,0.0,0.0,0.0,0.0,,IC,NG,,0.4,
R1615,Niagara Mohawk Power Corp.,Stevens&Thompson Paper Co.,F,23643,Middle Falls,115,36,1987-12-01,10.5,0.0,0.0,0.0,0.0,,HY,WAT,,30.3,
R1616,Niagara Mohawk Power Corp.,Stillwater Assoc.,E,23633,Webb,043,36,1987-01-01,1.8,0.0,0.0,0.0,0.0,,HY,WAT,,6.5,
R1617,Niagara Mohawk Power Corp.,Stillwater Hydro Partners LP,F,23643,Stillwater,091,36,1993-04-01,3.4,0.0,0.0,0.0,0.0,,HY,WAT,,13.9,
R1618,Niagara Mohawk Power Corp.,Stuyvesant Falls Hydro,F,23643,Stuyvesant,021,36,2013-02-01,7.0,0.0,0.0,0.0,0.0,,HY,WAT,,19.5,
R1619,Niagara Mohawk Power Corp.,Sustainable Bioelectric LLC,A,23774,Wheatfield,063,36,2014-03-01,0.6,0.0,0.0,0.0,0.0,,IC,MTE,,0.9,
R1620,Niagara Mohawk Power Corp.,Synergics - Middle Greenwich,F,23643,Greenwich,115,36,1987-12-01,0.2,0.0,0.0,0.0,0.0,,HY,WAT,,0.0,
R1621,Niagara Mohawk Power Corp.,Synergics - Union Falls,D,24055,Union Falls,019,36,1987-12-01,3.0,0.0,0.0,0.0,0.0,,HY,WAT,,8.0,
R1622,Niagara Mohawk Power Corp.,Synergics - Upper Greenwich,F,23643,Greenwich,115,36,1987-12-01,0.4,0.0,0.0,0.0,0.0,,HY,WAT,,0.0,
R1623,Niagara Mohawk Power Corp.,Tannery Island,E,23633,Carthage,045,36,1986-01-01,1.5,0.0,0.0,0.0,0.0,,HY,WAT,,6.6,
R1624,Niagara Mohawk Power Corp.,Town of Wells  (Lake Algonquin),F,23643,Wells,041,36,1987-12-01,0.5,0.0,0.0,0.0,0.0,,HY,WAT,,1.6,
R1625,Niagara Mohawk Power Corp.,Tri-City JATC,F,23643,Latham,001,36,2009-11-01,0.0,0.0,0.0,0.0,0.0,,IC,NG,,0.0,
R1626,Niagara Mohawk Power Corp.,Unionville Hydro,E,23633,Potsdam,089,36,1984-07-01,3.0,0.0,0.0,0.0,0.0,,HY,WAT,,12.5,
R1627,Niagara Mohawk Power Corp.,United States Gypsum,B,23774,Batavia,037,36,2009-11-01,5.8,0.0,0.0,0.0,0.0,,CG,NG,,1.2,
R1628,Niagara Mohawk Power Corp.,Valatie Falls,F,23643,Valatie,021,36,1992-12-01,0.1,0.0,0.0,0.0,0.0,,HY,WAT,,0.3,
R1629,Niagara Mohawk Power Corp.,Valley Falls Assoc.,F,23643,Valley Falls,083,36,1985-08-01,2.5,0.0,0.0,0.0,0.0,,HY,WAT,,7.1,
R1630,Niagara Mohawk Power Corp.,Village of Gouverneur,E,23633,Gouverneur,089,36,1986-01-01,0.1,0.0,0.0,0.0,0.0,,HY,WAT,,0.0,
R1631,Niagara Mohawk Power Corp.,Village of Potsdam,E,23633,Potsdam,089,36,1986-01-01,0.8,0.0,0.0,0.0,0.0,,HY,WAT,,0.0,
R1632,Niagara Mohawk Power Corp.,Village of Potsdam 2,E,23633,Potsdam,089,36,2014-04-01,0.5,0.0,0.0,0.0,0.0,,HY,WAT,,0.0,
R1633,Niagara Mohawk Power Corp.,Village of Saranac Lake,D,24055,Saranac Lake,033,36,1996-12-01,0.2,0.0,0.0,0.0,0.0,,HY,WAT,,0.5,
R1634,Niagara Mohawk Power Corp.,Wave Hydro LLC,C,23634,Baldwinsville,067,36,2010-02-07,0.8,0.0,0.0,0.0,0.0,,HY,WAT,,0.0,
R1635,"Niagara Wind Power, LLC",Steel Wind,A,323596,Lackawanna,029,36,2007-01-23,20.0,0.0,0.0,0.0,0.0,,WT,WND,,46.9,
R1636,"Nine Mile Point Nuclear Station, LLC",Nine Mile Point 1,C,23575,Scriba,075,36,1969-11-01,641.8,630.5,630.5,631.9,629.0,,NB,UR,,"5,314.8",
R1637,"Nine Mile Point Nuclear Station, LLC",Nine Mile Point 2,C,23744,Scriba,075,36,1988-08-01,"1,399.0","1,310.0","1,310.0","1,287.8","1,299.0",,NB,UR,,"10,119.9",
R1638,"Noble Altona Windpark, LLC",Altona Wind Power,D,323606,Altona,019,36,2008-09-23,97.5,97.5,97.5,97.5,97.5,,WT,WND,,168.6,
R1639,"Noble Bliss Windpark, LLC",Bliss Wind Power,A,323608,Bliss,121,36,2008-03-20,100.5,100.5,100.5,100.5,100.5,,WT,WND,,192.8,
R1640,"Noble Chateaugay Windpark, LLC",Chateaugay Wind Power,D,323614,Chateaugay,033,36,2008-10-07,106.5,106.5,106.5,106.5,106.5,,WT,WND,,190.9,
R1641,"Noble Clinton Windpark 1, LLC",Clinton Wind Power,D,323605,Clinton,019,36,2008-04-09,100.5,100.5,100.5,100.5,100.5,,WT,WND,,146.9,
R1642,"Noble Ellenburg Windpark, LLC",Ellenburg Wind Power,D,323604,Ellenburg,019,36,2008-03-31,81.0,81.0,81.0,81.0,81.0,,WT,WND,,144.0,
R1643,"Noble Wethersfield Windpark, LLC",Wethersfield Wind Power,C,323626,Wethersfield,121,36,2008-12-11,126.0,126.0,126.0,126.0,126.0,,WT,WND,,257.3,
R1644,"Northbrook Lyons Falls, LLC",Hampshire Paper,E,323593,Gouverneur,089,36,1987-03-01,3.4,3.5,3.5,3.4,3.4,,HY,WAT,,14.9,
R1645,"Northbrook Lyons Falls, LLC",Lyons Falls Hydro,E,23570,Lyons Falls,049,36,1986-01-01,8.0,7.3,7.3,8.0,8.0,,HY,WAT,,34.0,
R1646,NRG Power Marketing LLC,Arthur Kill GT 1,J,23520,Staten Island,085,36,1970-06-01,20.0,16.5,21.6,12.1,15.1,,GT,NG,,1.0,
R1647,NRG Power Marketing LLC,Arthur Kill ST 2,J,23512,Staten Island,085,36,1959-08-01,376.2,357.7,357.7,335.4,341.8,,ST,NG,,454.4,
R1648,NRG Power Marketing LLC,Arthur Kill ST 3,J,23513,Staten Island,085,36,1969-06-01,535.5,518.0,518.0,519.4,522.9,,ST,NG,,534.3,
R1649,NRG Power Marketing LLC,Astoria GT 2-1,J,24094,Queens,081,36,1970-06-01,46.5,41.2,50.7,36.3,45.1,YES,JE,KER,NG,7.0,
R1650,NRG Power Marketing LLC,Astoria GT 2-2,J,24095,Queens,081,36,1970-06-01,46.5,42.4,52.2,34.8,44.9,YES,JE,KER,NG,1.9,
R1651,NRG Power Marketing LLC,Astoria GT 2-3,J,24096,Queens,081,36,1970-06-01,46.5,41.2,50.7,35.9,46.1,YES,JE,KER,NG,2.5,
R1652,NRG Power Marketing LLC,Astoria GT 2-4,J,24097,Queens,081,36,1970-06-01,46.5,41.0,50.5,35.8,47.4,YES,JE,KER,NG,4.6,
R1653,NRG Power Marketing LLC,Astoria GT 3-1,J,24098,Queens,081,36,1970-06-01,46.5,41.2,50.7,34.1,45.2,YES,JE,KER,NG,2.6,
R1654,NRG Power Marketing LLC,Astoria GT 3-2,J,24099,Queens,081,36,1970-06-01,46.5,43.5,53.5,35.8,44.8,YES,JE,KER,NG,2.3,
R1655,NRG Power Marketing LLC,Astoria GT 3-3,J,24100,Queens,081,36,1970-06-01,46.5,43.0,52.9,35.3,45.4,YES,JE,KER,NG,1.8,
R1656,NRG Power Marketing LLC,Astoria GT 3-4,J,24101,Queens,081,36,1970-06-01,46.5,43.0,52.9,36.8,46.2,YES,JE,KER,NG,2.5,
R1657,NRG Power Marketing LLC,Astoria GT 4-1,J,24102,Queens,081,36,1970-07-01,46.5,42.6,52.4,35.2,45.6,YES,JE,KER,NG,2.6,
R1658,NRG Power Marketing LLC,Astoria GT 4-2,J,24103,Queens,081,36,1970-07-01,46.5,41.4,51.0,34.7,45.5,YES,JE,KER,NG,5.0,
R1659,NRG Power Marketing LLC,Astoria GT 4-3,J,24104,Queens,081,36,1970-07-01,46.5,41.1,50.6,34.9,44.9,YES,JE,KER,NG,4.3,
R1660,NRG Power Marketing LLC,Astoria GT 4-4,J,24105,Queens,081,36,1970-07-01,46.5,42.8,52.7,33.1,44.5,YES,JE,KER,NG,2.8,
R1661,NRG Power Marketing LLC,Oswego 5,C,23606,Oswego,075,36,1976-02-01,901.8,850.3,850.3,801.7,827.0,,ST,FO6,,24.4,
R1662,NRG Power Marketing LLC,Oswego 6,C,23613,Oswego,075,36,1980-07-01,901.8,835.2,835.2,815.0,827.5,YES,ST,FO6,NG,24.9,
R1663,NRG Power Marketing LLC,Oswego IC 1,C,5052,Oswego,075,36,1967-08-01,0.7,0.0,0.0,0.0,0.0,,IC,FO2,,0.0,
R1664,NRG Power Marketing LLC,Oswego IC 2,C,5053,Oswego,075,36,1976-02-01,0.8,0.0,0.0,0.0,0.0,,IC,FO2,,0.0,
R1665,NRG Power Marketing LLC,Oswego IC 3,C,5054,Oswego,075,36,1980-07-01,0.8,0.0,0.0,0.0,0.0,,IC,FO2,,0.0, 
R1666,Orange and Rockland Utilities,Buttermilk Falls,G,5055,Highland Falls,071,36,1986-12-01,0.1,0.0,0.0,0.0,0.0,,HY,WAT,,0.0,
R1667,Orange and Rockland Utilities,Intl. Crossroads,G,5056,Mahwah NJ,003,34,1987-12-01,3.0,0.0,0.0,0.0,0.0,YES,IC,NG,FO2,0.0,
R1668,Orange and Rockland Utilities,Landfill G.Part19,G,5057,Goshen,071,36,1988-12-01,2.5,0.0,0.0,0.0,0.0,,IC,MTE,,0.0,
R1669,Orange and Rockland Utilities,Middletown LFG,G,5058,Goshen,071,36,1988-12-01,3.0,0.0,0.0,0.0,0.0,,IC,MTE,,0.0,
R1670,"PSEG Energy Resource & Trade, LLC",Bethlehem Energy Center,F,323570,Bethlehem,001,36,2005-07-01,893.1,835.0,924.8,814.6,908.5,YES,CC,NG,FO2,"5,142.1",
R1671,"R.E. Ginna Nuclear Power Plant, LLC",R. E. Ginna,B,23603,Ontario,117,36,1970-07-01,614.0,582.0,582.0,581.0,581.7,,NP,UR,,"4,706.6",
R1672,ReEnergy Black River LLC,Fort Drum,E,23780,Watertown,045,36,2013-05-30,55.5,55.6,55.6,0.0,0.0,,ST,WD,FO2,203.4,
R1673,Rochester Gas and Electric Corp.,Mills Mills,B,5059,Fillmore,003,36,1906-07-01,0.2,0.0,0.0,0.0,0.0,,HY,WAT,,0.0,
R1674,Rochester Gas and Electric Corp.,Mt Morris,B,5060,Mt Morris,051,36,1916-07-01,0.3,0.0,0.0,0.0,0.0,,HY,WAT,,0.0,
R1675,Rochester Gas and Electric Corp.,Station 2  1,B,23604,Rochester,055,36,1913-07-01,8.5,6.5,6.5,8.5,8.5,,HY,WAT,,23.0,
R1676,Rochester Gas and Electric Corp.,Station 26  1,B,23604,Rochester,055,36,1952-08-01,3.0,3.0,3.0,3.0,3.0,,HY,WAT,,11.4,
R1677,Rochester Gas and Electric Corp.,Station 5  1,B,23604,Rochester,055,36,1918-07-01,14.0,11.8,11.8,14.0,14.0,,HY,WAT,,0.6,
R1678,Rochester Gas and Electric Corp.,Station 5  2,B,23604,Rochester,055,36,1918-07-01,13.6,11.8,11.8,13.6,13.6,,HY,WAT,,1.0,
R1679,Rochester Gas and Electric Corp.,Station 5  3,B,23604,Rochester,055,36,1918-07-01,18.0,16.5,16.5,18.0,18.0,,HY,WAT,,1.4,
R1680,"Rockville Centre, Village of",Charles P Keller 07,K,1661,Rockville Centre,059,36,1942-09-01,2.0,2.0,2.0,0.0,0.0,,IC,FO2,,0.0,
R1681,"Rockville Centre, Village of",Charles P Keller 09,K,1661,Rockville Centre,059,36,1954-09-01,3.5,3.3,3.3,3.2,3.2,YES,IC,FO2,NG,0.2,
R1682,"Rockville Centre, Village of",Charles P Keller 10,K,1661,Rockville Centre,059,36,1954-09-01,3.5,3.2,3.2,3.2,3.2,YES,IC,FO2,NG,0.3,
R1683,"Rockville Centre, Village of",Charles P Keller 11,K,1661,Rockville Centre,059,36,1962-09-01,5.2,5.2,5.2,5.2,5.2,YES,IC,FO2,NG,0.3,
R1684,"Rockville Centre, Village of",Charles P Keller 12,K,1661,Rockville Centre,059,36,1967-09-01,5.5,5.5,5.5,5.5,5.5,YES,IC,FO2,NG,0.0,
R1685,"Rockville Centre, Village of",Charles P Keller 13,K,1661,Rockville Centre,059,36,1974-09-01,5.5,5.6,5.6,5.5,5.5,YES,IC,FO2,NG,0.0,
R1686,"Rockville Centre, Village of",Charles P Keller 14,K,1661,Rockville Centre,059,36,1994-09-01,6.2,6.3,6.3,6.3,6.3,YES,IC,FO2,NG,1.2,
R1687,"Seneca Energy II, LLC",Ontario LFGE,C,23819,Canandaigua,069,36,2003-12-01,11.2,7.6,7.6,11.2,11.2,,IC,MTE,,71.7,
R1688,"Seneca Energy II, LLC",Seneca Energy 1,C,23797,Seneca Falls,099,36,1996-03-01,8.8,8.8,8.8,8.8,8.8,,IC,MTE,,106.6, (G)
R1689,"Seneca Energy II, LLC",Seneca Energy 2,C,23797,Seneca Falls,099,36,1997-08-01,8.8,8.8,8.8,8.8,8.8,,IC,MTE,,,
R1690,Seneca Falls Power Corp.,Seneca Falls 1,C,23627,Seneca Falls,099,36,1998-06-01,1.8,1.6,1.6,0.0,0.0,,HY,WAT,,0.0,
R1691,Seneca Falls Power Corp.,Seneca Falls 2,C,23627,Seneca Falls,099,36,1998-06-01,1.8,1.6,1.6,0.0,0.0,,HY,WAT,,0.0,
R1692,Seneca Falls Power Corp.,Seneca Falls 4,C,23627,Seneca Falls,099,36,1998-06-01,2.0,1.8,1.8,0.0,0.0,,HY,WAT,,0.0,
R1693,"Seneca Power Partners, L.P.",Allegany,B,23514,Hume,003,36,1995-03-01,67.0,62.9,82.2,61.4,63.4,,CC,NG,,35.7,
R1694,"Seneca Power Partners, L.P.",Batavia,B,24024,Batavia,037,36,1992-06-01,67.3,57.1,71.7,48.8,60.1,,CC,NG,,35.3,
R1695,"Seneca Power Partners, L.P.",Carthage Energy,E,23857,Carthage,045,36,1991-08-01,62.9,59.0,70.6,56.3,64.5,YES,CC,NG,FO2,19.9,
R1696,"Seneca Power Partners, L.P.",Hillburn GT,G,23639,Hillburn,087,36,1971-04-01,46.5,37.9,51.8,35.4,45.1,YES,JE,NG,KER,0.4,
R1697,"Seneca Power Partners, L.P.",Shoemaker GT,G,23640,Middletown,071,36,1971-05-01,41.9,33.1,45.2,32.7,40.8,YES,JE,NG,KER,0.4,
R1698,"Seneca Power Partners, L.P.",Sterling,E,23777,Sherrill,065,36,1991-06-01,65.3,57.4,72.1,50.9,62.5,,CC,NG,,26.2,
R1699,Sheldon Energy LLC,High Sheldon Wind Farm,C,323625,Sheldon,121,36,2009-02-01,118.1,112.5,112.5,118.1,118.1,,WT,WND,,247.7,
R1700,Shoreham Solar Commons LLC,Shoreham Solar,K,323752,East Shoreham,103,36,2018-07-01,25.0,24.9,24.9,0.0,0.0,,PV,SUN,,, (N)
R1701,"Somerset Operating Company, LLC ",Somerset,A,23543,Somerset,063,36,1984-08-01,655.1,686.5,686.5,685.9,692.5,,ST,BIT,,593.0,
R1702,Stephentown Spindle LLC,Beacon LESR,F,323632,Stephentown,083,36,2010-11-29,20.0,0.0,0.0,0.0,0.0,,ES,FW,,0.0,
R1703,Stony Creek Energy LLC,Orangeville Wind Farm,C,323706,Orangeville,121,36,2013-12-01,93.9,94.4,94.4,93.9,93.9,,WT,WND,,289.6,
R1704,Tenaska Power Services Co. ,Freeport CT 1,K,23764,Freeport,059,36,2004-06-01,60.0,48.3,51.3,45.7,46.4,YES,GT,NG,FO2,36.7,
R1705,TransAlta Energy Marketing (U.S.) Inc.,Saranac Energy,D,23793,Plattsburgh,019,36,1994-06-01,285.6,253.7,298.4,249.8,276.2,,CC,NG,,70.8,
R1706,Triton Power Company,Chateaugay High Falls,D,323578,Chateaugay,033,36,1987-12-01,1.7,1.7,1.7,0.0,0.0,,HY,WAT,,6.9,
R1707,Western New York Wind Corp.,Western NY Wind Power,B,24143,Wethersfield,121,36,2000-10-01,6.6,0.0,0.0,0.0,0.0,,WT,WND,,4.6,
R1708,"Wheelabrator Hudson Falls, LLC",Wheelabrator Hudson Falls,F,23798,Hudson Falls,115,36,1991-10-01,14.4,12.7,12.7,10.5,11.0,,ST,REF,,76.8,
R1709,"Wheelabrator Westchester, LP",Wheelabrator Westchester,H,23653,Peekskill,119,36,1984-04-01,59.7,53.5,53.5,52.0,51.6,,ST,REF,,392.0,
,,,,,,,,,,,,,,,,,,,
,,,,,,,,,"45,091.7","41,127.4","44,177.8","39,294.5","41,790.4",,,,,"135,585.2",
